timestamp,track,car,lap,distance,angle,trackPos,speedX,rpm,gear,steer,accel,brake,race_pos,mode,track_min,track_front,track_max
2025-05-10 13:29:52,E-Track3,Peugeot 406,1,0.0,0.00352985,0.333262,-0.00519469,942.478,1,-0.20766687717564852,0.8,0.0,5,start,4.00045,200.0,200.0
2025-05-10 13:29:52,E-Track3,Peugeot 406,1,0.0,0.00352985,0.333262,-0.00519469,942.478,1,-0.20766687717564852,0.8,0.0,5,start,4.00045,200.0,200.0
2025-05-10 13:29:52,E-Track3,Peugeot 406,1,0.0,0.00352985,0.333262,-0.00519469,1068.17,1,-0.20766687717564852,0.8,0.0,5,start,4.00045,200.0,200.0
2025-05-10 13:29:52,E-Track3,Peugeot 406,1,0.0,0.00352985,0.333262,-0.00519469,1197.77,1,-0.20766687717564852,0.8,0.0,5,start,4.00045,200.0,200.0
2025-05-10 13:29:52,E-Track3,Peugeot 406,1,0.0,0.00352985,0.333262,-0.00519469,1330.22,1,-0.20766687717564852,0.8,0.0,5,start,4.00045,200.0,200.0
2025-05-10 13:29:52,E-Track3,Peugeot 406,1,0.0,0.00352985,0.333262,-0.00519469,1465.57,1,-0.20766687717564852,0.8,0.0,5,start,4.00045,200.0,200.0
2025-05-10 13:29:52,E-Track3,Peugeot 406,1,0.0,0.00352985,0.333262,-0.00519469,1603.88,1,-0.20766687717564852,0.8,0.0,5,start,4.00045,200.0,200.0
2025-05-10 13:29:52,E-Track3,Peugeot 406,1,0.0,0.00352985,0.333262,-0.00519469,1745.2,1,-0.20766687717564852,0.8,0.0,5,start,4.00045,200.0,200.0
2025-05-10 13:29:52,E-Track3,Peugeot 406,1,0.0,0.00352985,0.333262,-0.00519469,1889.58,1,-0.20766687717564852,0.8,0.0,5,start,4.00045,200.0,200.0
2025-05-10 13:29:52,E-Track3,Peugeot 406,1,0.0,0.00352985,0.333262,-0.00519469,2037.1,1,-0.20766687717564852,0.8,0.0,5,start,4.00045,200.0,200.0
2025-05-10 13:29:52,E-Track3,Peugeot 406,1,0.0,0.00352985,0.333262,-0.00519469,2188.91,1,-0.20766687717564852,0.8,0.0,5,start,4.00045,200.0,200.0
2025-05-10 13:29:52,E-Track3,Peugeot 406,1,0.0,0.00352985,0.333262,-0.00519469,2350.48,1,-0.20766687717564852,0.8,0.0,5,start,4.00045,200.0,200.0
2025-05-10 13:29:53,E-Track3,Peugeot 406,1,0.0,0.00352985,0.333262,-0.00519469,2523.11,1,-0.20766687717564852,0.8,0.0,5,start,4.00045,200.0,200.0
2025-05-10 13:29:53,E-Track3,Peugeot 406,1,0.0,0.00352985,0.333262,-0.00519469,2707.53,1,-0.20766687717564852,0.8,0.0,5,start,4.00045,200.0,200.0
2025-05-10 13:29:53,E-Track3,Peugeot 406,1,0.0,0.00352985,0.333262,-0.00519469,2904.5,1,-0.20766687717564852,0.8,0.0,5,start,4.00045,200.0,200.0
2025-05-10 13:29:53,E-Track3,Peugeot 406,1,0.0,0.00352985,0.333262,-0.00519469,3114.81,1,-0.20766687717564852,0.8,0.0,5,start,4.00045,200.0,200.0
2025-05-10 13:29:53,E-Track3,Peugeot 406,1,0.0,0.00352985,0.333262,-0.00519469,3338.17,1,-0.20766687717564852,0.8,0.0,5,start,4.00045,200.0,200.0
2025-05-10 13:29:53,E-Track3,Peugeot 406,1,0.0,0.00352985,0.333262,-0.00519469,3573.09,1,-0.20766687717564852,0.8,0.0,5,start,4.00045,200.0,200.0
2025-05-10 13:29:53,E-Track3,Peugeot 406,1,0.0,0.00352985,0.333262,-0.00519469,3820.04,1,-0.20766687717564852,0.8,0.0,5,start,4.00045,200.0,200.0
2025-05-10 13:29:53,E-Track3,Peugeot 406,1,0.0,0.00352985,0.333262,-0.00519469,4079.61,1,-0.20766687717564852,0.8,0.0,5,start,4.00045,200.0,200.0
2025-05-10 13:29:53,E-Track3,Peugeot 406,1,0.0,0.00352985,0.333262,-0.00519469,4351.9,1,-0.20766687717564852,0.8,0.0,5,start,4.00045,200.0,200.0
2025-05-10 13:29:53,E-Track3,Peugeot 406,1,0.0,0.00352985,0.333262,-0.00519469,4635.13,1,-0.20766687717564852,0.8,0.0,5,start,4.00045,200.0,200.0
2025-05-10 13:29:53,E-Track3,Peugeot 406,1,0.0,0.00352985,0.333262,-0.00519469,4929.33,1,-0.20766687717564852,0.8,0.0,5,start,4.00045,200.0,200.0
2025-05-10 13:29:53,E-Track3,Peugeot 406,1,0.0,0.00352985,0.333262,-0.00519469,5234.87,1,-0.20766687717564852,0.8,0.0,5,start,4.00045,200.0,200.0
2025-05-10 13:29:53,E-Track3,Peugeot 406,1,0.0,0.00352985,0.333262,-0.00519469,5550.34,1,-0.20766687717564852,0.8,0.0,5,start,4.00045,200.0,200.0
2025-05-10 13:29:53,E-Track3,Peugeot 406,1,0.0,0.00352985,0.333262,-0.00519469,5873.79,1,-0.20766687717564852,0.8,0.0,5,start,4.00045,200.0,200.0
2025-05-10 13:29:53,E-Track3,Peugeot 406,1,0.0,0.00352985,0.333262,-0.00519469,6205.36,1,-0.20766687717564852,0.8,0.0,5,start,4.00045,200.0,200.0
2025-05-10 13:29:53,E-Track3,Peugeot 406,1,0.0,0.00352985,0.333262,-0.00519469,6544.18,1,-0.20766687717564852,0.8,0.0,5,start,4.00045,200.0,200.0
2025-05-10 13:29:53,E-Track3,Peugeot 406,1,0.0,0.00352985,0.333262,-0.00519469,6887.55,1,-0.20766687717564852,0.8,0.0,5,start,4.00045,200.0,200.0
2025-05-10 13:29:53,E-Track3,Peugeot 406,1,0.0,0.00352985,0.333262,-0.00519469,7235.33,1,-0.20766687717564852,0.8,0.0,5,start,4.00045,200.0,200.0
2025-05-10 13:29:53,E-Track3,Peugeot 406,1,0.0,0.00352985,0.333262,-0.00519469,7587.32,1,-0.20766687717564852,0.8,0.0,5,start,4.00045,200.0,200.0
2025-05-10 13:29:53,E-Track3,Peugeot 406,1,0.0,0.00352985,0.333262,-0.00519469,7942.8,1,-0.20766687717564852,0.8,0.0,5,start,4.00045,200.0,200.0
2025-05-10 13:29:53,E-Track3,Peugeot 406,1,0.0,0.00352985,0.333262,-0.00519469,8301.71,1,-0.20766687717564852,0.8,0.0,5,start,4.00045,200.0,200.0
2025-05-10 13:29:53,E-Track3,Peugeot 406,1,0.0,0.00352985,0.333262,-0.00519469,8658.06,1,-0.20766687717564852,0.8,0.0,5,start,4.00045,200.0,200.0
2025-05-10 13:29:53,E-Track3,Peugeot 406,1,0.0,0.00352985,0.333262,-0.00519469,8997.11,1,-0.20766687717564852,0.8,0.0,5,start,4.00045,200.0,200.0
2025-05-10 13:29:53,E-Track3,Peugeot 406,1,0.0,0.00352985,0.333262,-0.00519469,9319.12,1,-0.20766687717564852,0.8,0.0,5,start,4.00045,200.0,200.0
2025-05-10 13:29:53,E-Track3,Peugeot 406,1,0.0,0.00352985,0.333262,-0.00519469,9583.95,1,-0.20766687717564852,0.8,0.0,5,start,4.00045,200.0,200.0
2025-05-10 13:29:53,E-Track3,Peugeot 406,1,0.0,0.00352985,0.333262,-0.00519469,9583.95,1,-0.20766687717564852,0.8,0.0,5,start,4.00045,200.0,200.0
2025-05-10 13:29:53,E-Track3,Peugeot 406,1,0.0,0.00352985,0.333262,-0.00519469,9583.95,1,-0.20766687717564852,0.8,0.0,5,start,4.00045,200.0,200.0
2025-05-10 13:29:53,E-Track3,Peugeot 406,1,0.0,0.00352985,0.333262,-0.00519469,9583.95,1,-0.20766687717564852,0.8,0.0,5,start,4.00045,200.0,200.0
2025-05-10 13:29:53,E-Track3,Peugeot 406,1,0.0,0.00352985,0.333262,-0.00519469,9583.95,1,-0.20766687717564852,0.8,0.0,5,start,4.00045,200.0,200.0
2025-05-10 13:29:53,E-Track3,Peugeot 406,1,0.0,0.00352985,0.333262,-0.00519469,9583.95,1,-0.20766687717564852,0.8,0.0,5,start,4.00045,200.0,200.0
2025-05-10 13:29:53,E-Track3,Peugeot 406,1,0.0,0.00352985,0.333262,-0.00519469,9583.95,1,-0.20766687717564852,0.8,0.0,5,start,4.00045,200.0,200.0
2025-05-10 13:29:53,E-Track3,Peugeot 406,1,0.0,0.00352985,0.333262,-0.00519469,9583.95,1,-0.20766687717564852,0.8,0.0,5,start,4.00045,200.0,200.0
2025-05-10 13:29:53,E-Track3,Peugeot 406,1,0.0,0.00352985,0.333262,-0.00519469,9583.95,1,-0.20766687717564852,0.8,0.0,5,start,4.00045,200.0,200.0
2025-05-10 13:29:53,E-Track3,Peugeot 406,1,0.0,0.00352985,0.333262,-0.00519469,9583.95,1,-0.20766687717564852,0.8,0.0,5,start,4.00045,200.0,200.0
2025-05-10 13:29:53,E-Track3,Peugeot 406,1,0.0,0.00352985,0.333262,-0.00519469,9583.95,1,-0.20766687717564852,0.8,0.0,5,start,4.00045,200.0,200.0
2025-05-10 13:29:53,E-Track3,Peugeot 406,1,0.0,0.00352985,0.333262,-0.00519469,9583.95,1,-0.20766687717564852,0.8,0.0,5,start,4.00045,200.0,200.0
2025-05-10 13:29:53,E-Track3,Peugeot 406,1,0.0,0.00352985,0.333262,-0.00519469,9583.95,1,-0.20766687717564852,0.8,0.0,5,start,4.00045,200.0,200.0
2025-05-10 13:29:53,E-Track3,Peugeot 406,1,0.0,0.00384933,0.333262,-0.00821186,9583.95,1,-0.20726010252126945,0.8,0.0,5,start,4.00046,200.0,200.0
2025-05-10 13:29:53,E-Track3,Peugeot 406,1,0.0,0.00386936,0.333262,-0.00559305,956.343,1,-0.20723459952788267,0.8,0.0,5,start,4.00046,200.0,200.0
2025-05-10 13:29:53,E-Track3,Peugeot 406,1,0.0,0.00403768,0.333262,-0.00415541,971.761,1,-0.20702028780312656,0.8,0.0,5,start,4.00046,200.0,200.0
2025-05-10 13:29:53,E-Track3,Peugeot 406,1,0.0,0.00401146,0.333262,-0.00228515,987.193,1,-0.20705367215093493,0.8,0.0,5,start,4.00046,200.0,200.0
2025-05-10 13:29:53,E-Track3,Peugeot 406,1,0.0,0.00416834,0.333262,-0.00182067,1002.64,1,-0.20685392628960095,0.8,0.0,5,start,4.00046,200.0,200.0
2025-05-10 13:29:53,E-Track3,Peugeot 406,1,0.0,0.00413877,0.333262,-0.00122836,1018.09,1,-0.20689157599077157,0.8,0.0,5,start,4.00046,200.0,200.0
2025-05-10 13:29:53,E-Track3,Peugeot 406,1,0.0,0.00429517,0.333262,-0.000267805,1033.55,1,-0.2066924412845462,0.8,0.0,5,start,4.00046,200.0,200.0
2025-05-10 13:29:53,E-Track3,Peugeot 406,1,0.0,0.00426513,0.333262,0.000815925,1049.03,1,-0.20673068940842732,0.8,0.0,5,start,4.00046,200.0,200.0
2025-05-10 13:29:53,E-Track3,Peugeot 406,1,0.0,0.00442106,0.333262,0.00155423,942.478,1,-0.20653215312491244,0.8,0.0,5,start,4.00047,200.0,200.0
2025-05-10 13:29:53,E-Track3,Peugeot 406,1,0.000976562,0.00444347,0.333262,0.254698,942.478,1,-0.20650361982077875,0.8,0.0,5,start,4.00047,200.0,200.0
2025-05-10 13:29:53,E-Track3,Peugeot 406,1,0.00341797,0.00462038,0.333262,0.589392,942.478,1,-1.0,1.0,0.0,5,normal,4.00047,200.0,200.0
2025-05-10 13:29:53,E-Track3,Peugeot 406,1,0.00732422,0.00466425,0.333262,0.806086,942.478,1,-1.0,1.0,0.0,5,normal,4.00047,200.0,200.0
2025-05-10 13:29:53,E-Track3,Peugeot 406,1,0.0126953,0.00473911,0.333242,1.02432,942.478,1,-1.0,1.0,0.0,5,normal,4.00059,200.0,200.0
2025-05-10 13:29:54,E-Track3,Peugeot 406,1,0.0200195,0.00499231,0.333171,1.43446,942.478,1,-1.0,1.0,0.0,5,normal,4.00103,200.0,200.0
2025-05-10 13:29:54,E-Track3,Peugeot 406,1,0.0292969,0.00566084,0.333038,1.71249,942.478,1,-1.0,1.0,0.0,5,normal,4.00183,200.0,200.0
2025-05-10 13:29:54,E-Track3,Peugeot 406,1,0.0400391,0.00673515,0.332754,2.06046,942.478,1,-1.0,1.0,0.0,5,normal,4.00357,200.0,200.0
2025-05-10 13:29:54,E-Track3,Peugeot 406,1,0.0522461,0.0081504,0.332448,2.40237,942.478,1,-1.0,1.0,0.0,5,normal,4.00544,200.0,200.0
2025-05-10 13:29:54,E-Track3,Peugeot 406,1,0.0664062,0.00989038,0.332052,2.71817,942.478,1,-1.0,1.0,0.0,5,normal,4.00789,200.0,200.0
2025-05-10 13:29:54,E-Track3,Peugeot 406,1,0.0820312,0.011771,0.331624,3.01902,942.478,1,-1.0,1.0,0.0,5,normal,4.01053,200.0,200.0
2025-05-10 13:29:54,E-Track3,Peugeot 406,1,0.0996094,0.0138615,0.331116,3.33572,942.478,1,-1.0,1.0,0.0,5,normal,4.01369,200.0,200.0
2025-05-10 13:29:54,E-Track3,Peugeot 406,1,0.119141,0.0161555,0.330526,3.6295,942.478,1,-1.0,1.0,0.0,5,normal,4.01737,200.0,200.0
2025-05-10 13:29:54,E-Track3,Peugeot 406,1,0.140137,0.0186523,0.329895,3.87722,942.478,1,-1.0,1.0,0.0,5,normal,4.02133,200.0,200.0
2025-05-10 13:29:54,E-Track3,Peugeot 406,1,0.162598,0.0213969,0.329183,4.24544,942.478,1,-1.0,1.0,0.0,5,normal,4.02582,200.0,200.0
2025-05-10 13:29:54,E-Track3,Peugeot 406,1,0.187012,0.0243476,0.32841,4.55545,942.478,1,-1.0,1.0,0.0,5,normal,4.03073,200.0,200.0
2025-05-10 13:29:54,E-Track3,Peugeot 406,1,0.21582,0.0278648,0.327494,4.88212,942.478,1,-1.0,1.0,0.0,5,normal,4.0366,200.0,200.0
2025-05-10 13:29:54,E-Track3,Peugeot 406,1,0.244141,0.0314043,0.326579,5.24291,942.478,1,-1.0,1.0,0.0,5,normal,4.04252,200.0,200.0
2025-05-10 13:29:54,E-Track3,Peugeot 406,1,0.273926,0.0350421,0.325582,5.54814,942.478,1,-1.0,1.0,0.0,5,normal,4.04899,200.0,200.0
2025-05-10 13:29:54,E-Track3,Peugeot 406,1,0.305664,0.0390251,0.324514,5.8636,942.478,1,-1.0,1.0,0.0,5,normal,4.056,200.0,200.0
2025-05-10 13:29:54,E-Track3,Peugeot 406,1,0.338867,0.0431226,0.323375,6.18071,942.478,1,-1.0,1.0,0.0,5,normal,4.06353,184.189,184.189
2025-05-10 13:29:54,E-Track3,Peugeot 406,1,0.374023,0.0475534,0.322144,6.48901,942.478,1,-1.0,1.0,0.0,5,normal,4.07174,166.883,166.883
2025-05-10 13:29:54,E-Track3,Peugeot 406,1,0.410645,0.0521095,0.320821,6.80502,942.478,1,-1.0,1.0,0.0,5,normal,4.08061,152.151,152.151
2025-05-10 13:29:54,E-Track3,Peugeot 406,1,0.44873,0.056999,0.319397,7.11458,982.537,1,-1.0,1.0,0.0,5,normal,4.09026,138.961,138.961
2025-05-10 13:29:54,E-Track3,Peugeot 406,1,0.48877,0.0620173,0.317881,7.43491,1009.65,1,-1.0,1.0,0.0,5,normal,4.10059,127.583,127.583
2025-05-10 13:29:54,E-Track3,Peugeot 406,1,0.530762,0.0673803,0.316264,7.75348,1070.71,1,-1.0,1.0,0.0,5,normal,4.11175,117.298,117.298
2025-05-10 13:29:54,E-Track3,Peugeot 406,1,0.574219,0.0728849,0.314535,8.08136,1107.43,1,-1.0,1.0,0.0,5,normal,4.12374,108.311,108.311
2025-05-10 13:29:54,E-Track3,Peugeot 406,1,0.619141,0.0787357,0.312683,8.40857,1160.52,1,-1.0,1.0,0.0,5,normal,4.13672,100.136,100.136
2025-05-10 13:29:54,E-Track3,Peugeot 406,1,0.666016,0.0847352,0.31072,8.73963,1202.63,1,-1.0,1.0,0.0,5,normal,4.15057,92.9217,92.9217
2025-05-10 13:29:54,E-Track3,Peugeot 406,1,0.714844,0.0911005,0.308625,9.07419,1253.31,1,-1.0,1.0,0.0,5,normal,4.16553,86.3071,86.3071
2025-05-10 13:29:54,E-Track3,Peugeot 406,1,0.765137,0.097617,0.306407,9.40257,1290.5,1,-1.0,1.0,0.0,5,normal,4.18147,80.4256,80.4256
2025-05-10 13:29:54,E-Track3,Peugeot 406,1,0.817383,0.104359,0.304037,9.75639,1346.71,1,-1.0,1.0,0.0,5,normal,4.19862,75.1104,75.1104
2025-05-10 13:29:54,E-Track3,Peugeot 406,1,0.871094,0.111323,0.301534,10.099,1374.11,1,-1.0,1.0,0.0,5,normal,4.2169,70.294,70.294
2025-05-10 13:29:54,E-Track3,Peugeot 406,1,0.926758,0.118574,0.298879,10.435,1421.98,1,-1.0,1.0,0.0,5,normal,4.23647,65.8793,75.2145
2025-05-10 13:29:54,E-Track3,Peugeot 406,1,0.984375,0.12601,0.296072,10.7865,1451.77,1,-1.0,1.0,0.0,5,normal,4.25733,61.8763,87.0775
2025-05-10 13:29:54,E-Track3,Peugeot 406,1,1.04346,0.133742,0.293091,11.1685,1472.81,1,-1.0,1.0,0.0,5,normal,4.27967,58.1845,104.01
2025-05-10 13:29:54,E-Track3,Peugeot 406,1,1.10449,0.141666,0.289948,11.5277,1527.51,1,-1.0,1.0,0.0,5,normal,4.30342,54.8164,129.647
2025-05-10 13:29:54,E-Track3,Peugeot 406,1,1.16748,0.149808,0.286611,11.8649,1584.54,1,-1.0,1.0,0.0,5,normal,4.32882,51.7237,173.134
2025-05-10 13:29:54,E-Track3,Peugeot 406,1,1.23193,0.158187,0.283112,12.1955,1603.43,1,-1.0,1.0,0.0,5,normal,4.35571,48.8718,200.0
2025-05-10 13:29:54,E-Track3,Peugeot 406,1,1.29785,0.166828,0.279419,12.5393,1656.55,1,-1.0,1.0,0.0,5,normal,4.38436,46.2286,200.0
2025-05-10 13:29:54,E-Track3,Peugeot 406,1,1.36572,0.175669,0.275503,12.9006,1677.4,1,-1.0,1.0,0.0,5,normal,4.41493,43.7897,200.0
2025-05-10 13:29:54,E-Track3,Peugeot 406,1,1.44238,0.185734,0.270946,13.3578,1751.63,1,-1.0,1.0,0.0,5,normal,4.45088,41.294,200.0
2025-05-10 13:29:54,E-Track3,Peugeot 406,1,1.51416,0.195112,0.266582,13.7281,1737.79,1,-1.0,1.0,0.0,5,normal,4.48562,39.1976,200.0
2025-05-10 13:29:54,E-Track3,Peugeot 406,1,1.5874,0.204685,0.261994,14.0517,1837.64,1,-1.0,1.0,0.0,5,normal,4.52244,37.2529,200.0
2025-05-10 13:29:54,E-Track3,Peugeot 406,1,1.66211,0.214536,0.257152,14.4045,1814.2,1,-1.0,1.0,0.0,5,normal,4.56166,35.4304,188.611
2025-05-10 13:29:54,E-Track3,Peugeot 406,1,1.73828,0.2246,0.252045,14.7518,1912.7,1,-1.0,1.0,0.0,5,normal,4.60335,33.7302,150.106
2025-05-10 13:29:54,E-Track3,Peugeot 406,1,1.81641,0.234939,0.246705,15.1527,1898.35,1,-1.0,1.0,0.0,5,normal,4.64744,32.1338,123.908
2025-05-10 13:29:54,E-Track3,Peugeot 406,1,1.89648,0.245501,0.241089,15.5431,2000.47,1,-1.0,1.0,0.0,5,normal,4.69422,30.6389,105.016
2025-05-10 13:29:54,E-Track3,Peugeot 406,1,1.97754,0.256327,0.23521,15.9536,1972.68,1,-1.0,1.0,0.0,5,normal,4.74373,29.2324,90.7098
2025-05-10 13:29:54,E-Track3,Peugeot 406,1,2.06055,0.26737,0.229025,16.3108,2095.1,1,-1.0,1.0,0.0,5,normal,4.79627,27.9117,79.5452
2025-05-10 13:29:54,E-Track3,Peugeot 406,1,2.14453,0.278674,0.222555,16.6943,2042.26,1,-1.0,1.0,0.0,5,normal,4.85185,26.6661,70.564
2025-05-10 13:29:54,E-Track3,Peugeot 406,1,2.23047,0.290193,0.21577,17.0277,2186.91,1,-1.0,1.0,0.0,5,normal,4.9107,25.4934,79.9706
2025-05-10 13:29:54,E-Track3,Peugeot 406,1,2.31738,0.301973,0.20867,17.4207,2131.75,1,-1.0,1.0,0.0,5,normal,4.973,24.3844,100.859
2025-05-10 13:29:54,E-Track3,Peugeot 406,1,2.40625,0.313985,0.201233,17.7938,2277.6,1,-1.0,1.0,0.0,5,normal,5.03895,23.3361,136.645
2025-05-10 13:29:54,E-Track3,Peugeot 406,1,2.49658,0.326259,0.193441,18.2299,2228.45,1,-1.0,1.0,0.0,5,normal,5.10886,22.342,200.0
2025-05-10 13:29:54,E-Track3,Peugeot 406,1,2.58789,0.338816,0.185293,18.6532,2357.54,1,-1.0,1.0,0.0,5,normal,5.18289,21.3971,200.0
2025-05-10 13:29:55,E-Track3,Peugeot 406,1,2.68115,0.351672,0.176769,19.1086,2320.68,1,-1.0,1.0,0.0,5,normal,5.2614,20.4971,200.0
2025-05-10 13:29:55,E-Track3,Peugeot 406,1,2.77588,0.36481,0.167868,19.5243,2467.87,1,-1.0,1.0,0.0,5,normal,5.34451,19.6406,200.0
2025-05-10 13:29:55,E-Track3,Peugeot 406,1,2.87158,0.378274,0.15856,19.9786,2422.9,1,-1.0,1.0,0.0,5,normal,5.43271,18.8222,200.0
2025-05-10 13:29:55,E-Track3,Peugeot 406,1,2.96924,0.392026,0.148815,20.387,2583.5,1,-1.0,51.457191467285156,0.0,5,normal,5.52636,18.0413,160.498
2025-05-10 13:29:55,E-Track3,Peugeot 406,1,3.06787,0.406119,0.138642,20.8513,2547.33,1,-1.0,46.28878402709961,0.0,5,normal,5.62574,17.2938,119.81
2025-05-10 13:29:55,E-Track3,Peugeot 406,1,3.16797,0.420533,0.128022,21.2922,2689.73,1,-1.0,50.528255462646484,0.0,5,normal,5.73122,16.5785,94.7826
2025-05-10 13:29:55,E-Track3,Peugeot 406,1,3.26953,0.435298,0.116924,21.7902,2684.93,1,-1.0,49.34645462036133,0.0,5,normal,5.84339,15.8925,77.8116
2025-05-10 13:29:55,E-Track3,Peugeot 406,1,3.37207,0.450429,0.105327,22.2779,2805.65,1,-1.0,51.96968460083008,0.0,5,normal,5.96276,15.2336,73.43
2025-05-10 13:29:55,E-Track3,Peugeot 406,1,3.47607,0.465935,0.0932217,22.8037,2833.58,1,-1.0,53.39961624145508,0.0,5,normal,6.08983,14.6004,94.4034
2025-05-10 13:29:55,E-Track3,Peugeot 406,1,3.58154,0.48184,0.0805875,23.3246,2943.47,1,-1.0,57.536434173583984,0.0,5,normal,6.22526,13.9909,132.143
2025-05-10 13:29:55,E-Track3,Peugeot 406,1,3.68799,0.498156,0.0674039,23.8639,3011.64,1,-1.0,63.35806655883789,0.0,5,normal,6.36972,13.4038,200.0
2025-05-10 13:29:55,E-Track3,Peugeot 406,1,3.7959,0.514895,0.0536405,24.4094,3109.73,1,-1.0,58.7249889437027,0.0,5,normal,6.32208,12.8377,200.0
2025-05-10 13:29:55,E-Track3,Peugeot 406,1,3.9043,0.532087,0.0392769,24.9689,3210.96,1,-1.0,60.90972251823578,0.0,5,normal,6.23589,12.2911,200.0
2025-05-10 13:29:55,E-Track3,Peugeot 406,1,4.01416,0.549759,0.024303,25.5445,3312.58,1,-1.0,62.34549565057831,0.0,5,normal,6.14792,11.7627,200.0
2025-05-10 13:29:55,E-Track3,Peugeot 406,1,4.12549,0.567925,0.00868821,26.1355,3420.6,1,-1.0,60.22727754581451,0.0,5,normal,6.05808,11.2517,136.581
2025-05-10 13:29:55,E-Track3,Peugeot 406,1,4.2373,0.586608,-0.00758783,26.7423,3534.41,1,-1.0,60.81911561013183,0.0,5,normal,5.96631,10.7571,94.5637
2025-05-10 13:29:55,E-Track3,Peugeot 406,1,4.3501,0.60584,-0.0245454,27.3643,3657.07,1,-1.0,62.52215295520019,0.0,5,normal,5.87258,10.2778,71.2459
2025-05-10 13:29:55,E-Track3,Peugeot 406,1,4.46387,0.625662,-0.0422049,28.0015,3791.64,1,-1.0,65.28690120405884,0.0,5,normal,5.76189,9.81291,86.3629
2025-05-10 13:29:55,E-Track3,Peugeot 406,1,4.57812,0.646169,-0.0605968,28.6522,3949.51,1,-1.0,69.2911114129303,0.0,5,normal,5.64404,9.36076,122.521
2025-05-10 13:29:55,E-Track3,Peugeot 406,1,4.69287,0.667388,-0.0797516,29.3222,4139.05,1,-1.0,75.25018375032349,0.0,5,normal,5.5241,8.92093,200.0
2025-05-10 13:29:55,E-Track3,Peugeot 406,1,4.80859,0.689421,-0.0996593,30.0095,4371.06,1,-1.0,79.71786927449493,0.0,5,normal,5.40225,8.49257,200.0
2025-05-10 13:29:55,E-Track3,Peugeot 406,1,4.9248,0.712401,-0.12034,30.7116,4640.32,1,-1.0,85.01997531660002,0.0,5,normal,5.2785,8.07457,200.0
2025-05-10 13:29:55,E-Track3,Peugeot 406,1,5.04199,0.73646,-0.141815,31.4252,5003.39,1,-1.0,90.14883076950073,0.0,5,normal,5.15289,7.66613,134.375
2025-05-10 13:29:55,E-Track3,Peugeot 406,1,5.15918,0.761786,-0.164093,32.1538,5461.42,1,-1.0,97.47165955749207,0.0,5,normal,5.02562,7.26649,78.8452
2025-05-10 13:29:55,E-Track3,Peugeot 406,1,5.27686,0.78858,-0.187185,32.8988,5991.36,2,-1.0,107.85287509344482,0.0,5,normal,4.89418,6.87513,84.8134
2025-05-10 13:29:55,E-Track3,Peugeot 406,1,5.39453,0.817002,-0.2111,33.6656,6569.59,3,-1.0,120.08486269234008,0.0,5,normal,4.74074,6.49214,130.614
2025-05-10 13:29:55,E-Track3,Peugeot 406,1,5.51221,0.847184,-0.235901,34.4456,7179.96,4,-1.0,133.61224168652342,0.0,5,normal,4.58608,6.11753,200.0
2025-05-10 13:29:55,E-Track3,Peugeot 406,1,5.62988,0.878845,-0.261566,35.1267,4452.28,4,-1.0,77.65697694797515,0.0,5,normal,4.43069,5.75401,200.0
2025-05-10 13:29:55,E-Track3,Peugeot 406,1,5.74414,0.908715,-0.288035,35.1186,4448.88,4,-1.0,76.44445161785889,0.0,5,normal,4.27457,5.41615,118.522
2025-05-10 13:29:55,E-Track3,Peugeot 406,1,5.85254,0.936013,-0.315084,34.967,4445.52,4,-1.0,73.37079689115448,0.0,5,normal,4.11776,5.1037,71.1139
2025-05-10 13:29:55,E-Track3,Peugeot 406,1,5.95459,0.961893,-0.342651,34.8027,4442.2,4,-1.0,73.25767280578155,0.0,5,normal,3.95849,4.80825,94.5512
2025-05-10 13:29:55,E-Track3,Peugeot 406,1,6.0498,0.987098,-0.370676,34.6367,4438.92,4,-1.0,74.06051405322876,0.0,5,normal,3.78277,4.52517,136.921
2025-05-10 13:29:55,E-Track3,Peugeot 406,1,6.13965,1.01203,-0.399119,34.4772,4435.68,4,-1.0,75.46722412109375,0.0503609,5,normal,3.60752,4.25198,200.0
2025-05-10 13:29:55,E-Track3,Peugeot 406,1,6.22266,1.03681,-0.427958,34.3303,4432.48,4,-1.0,75.39285278320312,0.0511043,5,normal,3.43244,3.98734,200.0
2025-05-10 13:29:55,E-Track3,Peugeot 406,1,6.2998,1.06143,-0.457133,34.1979,1445.09,3,-1.0,22.081904602050784,0.0518429,5,normal,3.25753,3.73082,200.0
2025-05-10 13:29:55,E-Track3,Peugeot 406,1,6.37842,1.08807,-0.489522,33.9352,1460.97,2,-1.0,21.058995056152344,0.0526421,5,normal,3.06543,3.458,74.9538
2025-05-10 13:29:55,E-Track3,Peugeot 406,1,6.4502,1.1142,-0.522064,33.667,1476.8,1,-1.0,19.724493408203127,0.053426,5,normal,2.87407,3.19491,85.0916
2025-05-10 13:29:55,E-Track3,Peugeot 406,1,6.51514,1.13993,-0.554738,33.4054,1492.57,1,-1.0,20.66108856201172,0.05419790000000001,5,normal,2.68053,2.9403,114.167
2025-05-10 13:29:55,E-Track3,Peugeot 406,1,6.57373,1.16536,-0.587494,33.15,1508.29,1,-1.0,22.248715209960938,0.054960800000000004,5,normal,2.47898,2.6934,169.046
2025-05-10 13:29:55,E-Track3,Peugeot 406,1,6.62744,1.18994,-0.590596,12.7071,1523.96,1,-1.0,1.0,0.0,5,normal,2.45766,2.64602,200.0
2025-05-10 13:29:55,E-Track3,Peugeot 406,1,6.6748,1.21429,-0.590515,8.15994,1539.58,1,-1.0,1.0,0.0,5,normal,2.45698,2.62176,200.0
2025-05-10 13:29:55,E-Track3,Peugeot 406,1,6.71338,1.23721,-0.58785,5.34986,945.558,1,-1.0,1.0,0.0,5,normal,2.4732,2.61718,159.76
2025-05-10 13:29:55,E-Track3,Peugeot 406,1,6.74365,1.25624,-0.591715,5.03425,962.509,1,-1.0,1.0,0.0,5,normal,2.45117,2.57611,70.9958
2025-05-10 13:29:55,E-Track3,Peugeot 406,1,6.76611,1.27265,-0.58785,3.49357,979.476,1,-1.0,1.0,0.0,5,normal,2.47611,2.58704,77.268
2025-05-10 13:29:55,E-Track3,Peugeot 406,1,6.78174,1.28353,-0.590678,3.35039,996.457,1,-1.0,1.0,0.0,5,normal,2.46063,2.56087,84.8435
2025-05-10 13:29:56,E-Track3,Peugeot 406,1,6.79199,1.29075,-0.586822,2.09793,1013.45,1,-1.0,1.0,0.0,5,normal,2.48498,2.57956,90.3989
2025-05-10 13:29:56,E-Track3,Peugeot 406,1,6.79834,1.2965,-0.588755,2.0683,1030.46,1,-1.0,1.0,0.0,5,normal,2.47438,2.5633,95.7099
2025-05-10 13:29:56,E-Track3,Peugeot 406,1,6.80273,1.2999,-0.590739,2.09782,1047.48,1,-1.0,1.0,0.0,5,normal,2.46309,2.54851,99.2013
2025-05-10 13:29:56,E-Track3,Peugeot 406,1,6.80566,1.30228,-0.592773,2.05768,942.478,1,-1.0,1.0,0.0,5,normal,2.45131,2.53417,101.83
2025-05-10 13:29:56,E-Track3,Peugeot 406,1,6.80762,1.30467,-0.587941,1.44156,942.478,1,-1.0,1.0,0.0,5,normal,2.48088,2.56256,104.167
2025-05-10 13:29:56,E-Track3,Peugeot 406,1,6.80908,1.30603,-0.58963,1.77416,942.478,1,-1.0,1.0,0.0,5,normal,2.471,2.55112,105.847
2025-05-10 13:29:56,E-Track3,Peugeot 406,1,6.81006,1.3075,-0.591746,2.24704,942.478,1,-1.0,1.0,0.0,5,normal,2.45856,2.53696,107.732
2025-05-10 13:29:56,E-Track3,Peugeot 406,1,6.81152,1.30919,-0.594157,2.50066,942.478,1,-1.0,1.0,0.0,5,normal,2.44432,2.52083,109.985
2025-05-10 13:29:56,E-Track3,Peugeot 406,1,6.81348,1.3118,-0.589335,1.8395,942.478,1,-1.0,1.0,0.0,5,normal,2.47281,2.549,113.04
2025-05-10 13:29:56,E-Track3,Peugeot 406,1,6.81494,1.31325,-0.591471,2.18485,942.478,1,-1.0,1.0,0.0,5,normal,2.45964,2.53478,115.161
2025-05-10 13:29:56,E-Track3,Peugeot 406,1,6.81641,1.31505,-0.593963,2.53537,942.478,1,-1.0,1.0,0.0,5,normal,2.44428,2.51812,117.894
2025-05-10 13:29:56,E-Track3,Peugeot 406,1,6.81787,1.31818,-0.589436,1.85887,942.478,1,-1.0,1.0,0.0,5,normal,2.47091,2.54412,122.262
2025-05-10 13:29:56,E-Track3,Peugeot 406,1,6.81934,1.31972,-0.591502,2.22564,942.478,1,-1.0,1.0,0.0,5,normal,2.45819,2.53033,124.873
2025-05-10 13:29:56,E-Track3,Peugeot 406,1,6.8208,1.32141,-0.593943,2.57272,942.478,1,-1.0,1.0,0.0,5,normal,2.44318,2.51412,127.881
2025-05-10 13:29:56,E-Track3,Peugeot 406,1,6.82227,1.32438,-0.589518,1.87836,942.478,1,-1.0,1.0,0.0,5,normal,2.46927,2.53961,132.783
2025-05-10 13:29:56,E-Track3,Peugeot 406,1,6.82373,1.32601,-0.591593,2.17679,942.478,1,-1.0,1.0,0.0,5,normal,2.4565,2.52573,136.046
2025-05-10 13:29:56,E-Track3,Peugeot 406,1,6.8252,1.32772,-0.594045,2.54326,942.478,1,-1.0,1.0,0.0,5,normal,2.44146,2.50951,139.646
2025-05-10 13:29:56,E-Track3,Peugeot 406,1,6.82666,1.33075,-0.589742,1.84092,942.478,1,-1.0,1.0,0.0,5,normal,2.46684,2.53421,145.702
2025-05-10 13:29:56,E-Track3,Peugeot 406,1,6.82764,1.33277,-0.591837,2.33475,942.478,-1,0.5,-0.7,0.0,5,recovery,2.45392,2.52003,150.529
2025-05-10 13:29:56,E-Track3,Peugeot 406,1,6.8291,1.33442,-0.594329,2.62654,942.478,-1,0.5,-0.7,0.0,5,recovery,2.43868,2.50364,154.791
2025-05-10 13:29:56,E-Track3,Peugeot 406,1,6.83057,1.33732,-0.590098,1.78452,942.478,-1,0.5,-0.7,0.0,5,recovery,2.46369,2.528,161.951
2025-05-10 13:29:56,E-Track3,Peugeot 406,1,6.83203,1.33934,-0.59203,1.90211,942.478,-1,0.5,-0.7,0.0,5,recovery,2.45179,2.51488,167.889
2025-05-10 13:29:56,E-Track3,Peugeot 406,1,6.8335,1.34029,-0.593953,1.93581,942.478,-1,0.5,-0.7,0.0,5,recovery,2.4401,2.50247,170.944
2025-05-10 13:29:56,E-Track3,Peugeot 406,1,6.83545,1.34052,-0.595845,1.88074,942.478,-1,0.5,-0.7,0.0,5,recovery,2.4287,2.49067,171.87
2025-05-10 13:29:56,E-Track3,Peugeot 406,1,6.83789,1.34143,-0.590372,1.02188,942.478,-1,0.5,-0.7,0.0,5,recovery,2.46146,2.52386,174.116
2025-05-10 13:29:56,E-Track3,Peugeot 406,1,6.84082,1.34136,-0.591379,1.05034,942.478,-1,0.5,-0.7,0.0,5,recovery,2.45542,2.5177,173.997
2025-05-10 13:29:56,E-Track3,Peugeot 406,1,6.84277,1.34111,-0.592387,1.0781,942.478,-1,0.5,-0.7,0.0,5,recovery,2.44941,2.51164,173.313
2025-05-10 13:29:56,E-Track3,Peugeot 406,1,6.84473,1.34077,-0.593383,1.01947,942.478,-1,0.5,-0.7,0.0,5,recovery,2.44346,2.5057,172.374
2025-05-10 13:29:56,E-Track3,Peugeot 406,1,6.84668,1.34034,-0.59436,0.962814,942.478,-1,0.5,-0.7,0.0,5,recovery,2.43765,2.49993,171.151
2025-05-10 13:29:56,E-Track3,Peugeot 406,1,6.84912,1.33992,-0.595347,0.991469,942.478,-1,0.5,-0.7,0.0,5,recovery,2.43178,2.4941,169.983
2025-05-10 13:29:56,E-Track3,Peugeot 406,1,6.85107,1.34002,-0.589487,0.575323,942.478,-1,0.5,-0.7,0.0,5,recovery,2.46698,2.53015,169.657
2025-05-10 13:29:56,E-Track3,Peugeot 406,1,6.85254,1.34031,-0.589955,0.522868,942.478,-1,0.5,-0.7,0.0,5,recovery,2.46412,2.5271,170.585
2025-05-10 13:29:56,E-Track3,Peugeot 406,1,6.854,1.34019,-0.590433,0.466459,942.478,-1,0.5,-0.7,0.0,5,recovery,2.46127,2.52422,170.266
2025-05-10 13:29:56,E-Track3,Peugeot 406,1,6.85498,1.34001,-0.590912,0.497448,942.478,-1,0.5,-0.7,0.0,5,recovery,2.45842,2.52138,169.766
2025-05-10 13:29:56,E-Track3,Peugeot 406,1,6.85596,1.33988,-0.59139,0.528778,942.478,-1,0.5,-0.7,0.0,5,recovery,2.45556,2.51851,169.45
2025-05-10 13:29:56,E-Track3,Peugeot 406,1,6.85645,1.33974,-0.591847,0.470722,942.478,-1,0.5,-0.7,0.0,5,recovery,2.45283,2.51577,169.07
2025-05-10 13:29:56,E-Track3,Peugeot 406,1,6.85742,1.33952,-0.592295,0.412467,942.478,-1,0.5,-0.7,0.0,5,recovery,2.45017,2.51314,168.464
2025-05-10 13:29:56,E-Track3,Peugeot 406,1,6.85791,1.33933,-0.592743,0.44258,942.478,1,0.5,0.8,0.0,5,recovery,2.44751,2.5105,167.936
2025-05-10 13:29:56,E-Track3,Peugeot 406,1,6.85889,1.33922,-0.59316,0.472652,942.478,1,0.5,0.8,0.0,5,recovery,2.44502,2.50799,167.663
2025-05-10 13:29:56,E-Track3,Peugeot 406,1,6.85938,1.3391,-0.593577,0.413472,942.478,1,0.5,0.8,0.0,5,recovery,2.44253,2.50549,167.344
2025-05-10 13:29:56,E-Track3,Peugeot 406,1,6.86035,1.33889,-0.593984,0.354944,957.884,1,0.5,0.8,0.0,5,recovery,2.44011,2.50311,166.789
2025-05-10 13:29:57,E-Track3,Peugeot 406,1,6.86084,1.33871,-0.59435,0.384627,974.847,1,0.5,0.8,0.0,5,recovery,2.43794,2.50095,166.314
2025-05-10 13:29:57,E-Track3,Peugeot 406,1,6.86133,1.33862,-0.594716,0.413896,991.824,1,0.5,0.8,0.0,5,recovery,2.43575,2.49875,166.088
2025-05-10 13:29:57,E-Track3,Peugeot 406,1,6.8623,1.33851,-0.595062,0.355614,1008.82,1,0.5,0.8,0.0,5,recovery,2.43369,2.49668,165.812
2025-05-10 13:29:57,E-Track3,Peugeot 406,1,6.86279,1.33832,-0.595398,0.296676,1025.82,1,0.5,0.8,0.0,5,recovery,2.43169,2.49472,165.301
2025-05-10 13:29:57,E-Track3,Peugeot 406,1,6.86328,1.33815,-0.595723,0.326451,1042.84,1,0.5,0.8,0.0,5,recovery,2.42976,2.49282,164.855
2025-05-10 13:29:57,E-Track3,Peugeot 406,1,6.86426,1.33828,-0.589253,0.237382,942.478,1,0.5,0.8,0.0,5,recovery,2.46863,2.53263,164.551
2025-05-10 13:29:57,E-Track3,Peugeot 406,1,6.86475,1.33825,-0.589579,0.485396,942.478,1,0.5,0.8,0.0,5,recovery,2.46668,2.53064,164.493
2025-05-10 13:29:57,E-Track3,Peugeot 406,1,6.86621,1.33802,-0.59023,0.673408,942.478,1,0.5,0.8,0.0,5,recovery,2.4628,2.52677,163.914
2025-05-10 13:29:57,E-Track3,Peugeot 406,1,6.86816,1.33769,-0.591176,1.032,942.478,1,0.5,0.8,0.0,5,recovery,2.45716,2.52113,163.089
2025-05-10 13:29:57,E-Track3,Peugeot 406,1,6.87061,1.3373,-0.592397,1.46323,942.478,1,0.5,0.8,0.0,5,recovery,2.44988,2.51384,162.141
2025-05-10 13:29:57,E-Track3,Peugeot 406,1,6.87305,1.33672,-0.593872,1.65418,942.478,1,0.5,0.8,0.0,5,recovery,2.44109,2.50508,160.717
2025-05-10 13:29:57,E-Track3,Peugeot 406,1,6.87646,1.33608,-0.595601,1.92872,942.478,1,0.5,0.8,0.0,5,recovery,2.43079,2.4948,159.178
2025-05-10 13:29:57,E-Track3,Peugeot 406,1,6.87988,1.3364,-0.590281,1.34015,942.478,1,0.5,0.8,0.0,5,recovery,2.46273,2.52743,159.495
2025-05-10 13:29:57,E-Track3,Peugeot 406,1,6.8833,1.33587,-0.591715,1.67253,942.478,1,0.5,0.8,0.0,5,recovery,2.45418,2.5189,158.229
2025-05-10 13:29:57,E-Track3,Peugeot 406,1,6.88672,1.33516,-0.593444,1.91923,942.478,1,0.5,0.8,0.0,5,recovery,2.44389,2.50866,156.574
2025-05-10 13:29:57,E-Track3,Peugeot 406,1,6.89062,1.33442,-0.595479,2.2099,942.478,1,0.5,0.8,0.0,5,recovery,2.43177,2.49655,154.888
2025-05-10 13:29:57,E-Track3,Peugeot 406,1,6.89502,1.33496,-0.590352,1.60447,942.478,1,0.5,0.5,0.0,5,recovery,2.46251,2.52786,155.753
2025-05-10 13:29:57,E-Track3,Peugeot 406,1,6.89844,1.33434,-0.59203,1.93154,942.478,-1,0.5,-0.7,0.0,5,recovery,2.45252,2.51788,154.361
2025-05-10 13:29:57,E-Track3,Peugeot 406,1,6.90234,1.33368,-0.593963,2.07743,942.478,-1,0.5,-0.7,0.0,5,recovery,2.441,2.50635,152.904
2025-05-10 13:29:57,E-Track3,Peugeot 406,1,6.90674,1.33331,-0.589345,1.26453,942.478,-1,0.5,-0.7,0.0,5,recovery,2.46882,2.53508,151.578
2025-05-10 13:29:57,E-Track3,Peugeot 406,1,6.91064,1.33361,-0.590647,1.42869,942.478,-1,0.5,-0.7,0.0,5,recovery,2.46095,2.52686,152.428
2025-05-10 13:29:57,E-Track3,Peugeot 406,1,6.91357,1.33322,-0.59201,1.45879,942.478,-1,0.5,-0.7,0.0,5,recovery,2.45281,2.51869,151.612
2025-05-10 13:29:57,E-Track3,Peugeot 406,1,6.9165,1.3327,-0.593363,1.4024,942.478,-1,0.5,-0.7,0.0,5,recovery,2.44476,2.51065,150.51
2025-05-10 13:29:57,E-Track3,Peugeot 406,1,6.91943,1.33216,-0.594706,1.34775,942.478,-1,0.5,-0.7,0.0,5,recovery,2.43677,2.50269,149.357
2025-05-10 13:29:57,E-Track3,Peugeot 406,1,6.92188,1.33215,-0.589162,0.792869,942.478,-1,0.5,-0.7,0.0,5,recovery,2.4701,2.53693,148.827
2025-05-10 13:29:57,E-Track3,Peugeot 406,1,6.92432,1.33238,-0.589904,0.829662,942.478,-1,0.5,-0.7,0.0,5,recovery,2.4656,2.5322,149.418
2025-05-10 13:29:57,E-Track3,Peugeot 406,1,6.92627,1.33221,-0.590657,0.772592,942.478,-1,0.5,-0.7,0.0,5,recovery,2.4611,2.52766,149.098
2025-05-10 13:29:57,E-Track3,Peugeot 406,1,6.92773,1.33195,-0.59141,0.714917,942.478,-1,0.5,-0.7,0.0,5,recovery,2.45662,2.52317,148.57
2025-05-10 13:29:57,E-Track3,Peugeot 406,1,6.9292,1.33168,-0.592132,0.745534,942.478,-1,0.5,-0.7,0.0,5,recovery,2.45232,2.51888,148.015
2025-05-10 13:29:57,E-Track3,Peugeot 406,1,6.93066,1.33138,-0.592834,0.773992,942.478,-1,0.5,-0.7,0.0,5,recovery,2.44815,2.51472,147.404
2025-05-10 13:29:57,E-Track3,Peugeot 406,1,6.93213,1.33107,-0.593526,0.714731,942.478,-1,0.5,-0.7,0.0,5,recovery,2.44404,2.51064,146.755
2025-05-10 13:29:57,E-Track3,Peugeot 406,1,6.93311,1.33077,-0.594207,0.655811,942.478,-1,0.5,-0.7,0.0,5,recovery,2.43999,2.50662,146.154
2025-05-10 13:29:57,E-Track3,Peugeot 406,1,6.93457,1.3305,-0.594879,0.684683,942.478,-1,0.5,-0.7,0.0,5,recovery,2.43599,2.50264,145.612
2025-05-10 13:29:57,E-Track3,Peugeot 406,1,6.93604,1.33055,-0.588735,0.41344,942.478,-1,0.5,-0.7,0.0,5,recovery,2.47293,2.54056,145.156
2025-05-10 13:29:57,E-Track3,Peugeot 406,1,6.93701,1.33061,-0.58907,0.357541,942.478,-1,0.5,-0.7,0.0,5,recovery,2.4709,2.53845,145.317
2025-05-10 13:29:57,E-Track3,Peugeot 406,1,6.93799,1.33051,-0.589406,0.302237,942.478,-1,0.5,-0.7,0.0,5,recovery,2.4689,2.53644,145.135
2025-05-10 13:29:57,E-Track3,Peugeot 406,1,6.93848,1.3304,-0.589742,0.336098,942.478,1,0.5,0.8,0.0,5,recovery,2.4669,2.53443,144.916
2025-05-10 13:29:57,E-Track3,Peugeot 406,1,6.93896,1.33026,-0.590057,0.368454,942.478,1,0.5,0.8,0.0,5,recovery,2.46502,2.53257,144.654
2025-05-10 13:29:57,E-Track3,Peugeot 406,1,6.93994,1.33012,-0.590362,0.310834,942.478,1,0.5,0.8,0.0,5,recovery,2.46321,2.53077,144.359
2025-05-10 13:29:57,E-Track3,Peugeot 406,1,6.94043,1.32999,-0.590667,0.254042,957.884,1,0.5,0.8,0.0,5,recovery,2.4614,2.52897,144.109
2025-05-10 13:29:57,E-Track3,Peugeot 406,1,6.94092,1.32988,-0.590962,0.286247,974.847,1,0.5,0.8,0.0,5,recovery,2.45964,2.52721,143.912
2025-05-10 13:29:57,E-Track3,Peugeot 406,1,6.94189,1.32978,-0.591217,0.318697,991.824,1,0.5,0.8,0.0,5,recovery,2.45813,2.5257,143.702
2025-05-10 13:29:57,E-Track3,Peugeot 406,1,6.94238,1.32966,-0.591461,0.259909,1008.82,1,0.5,0.8,0.0,5,recovery,2.45668,2.52427,143.465
2025-05-10 13:29:57,E-Track3,Peugeot 406,1,6.94336,1.32956,-0.591715,0.202213,1025.82,1,0.5,0.8,0.0,5,recovery,2.45517,2.52276,143.275
2025-05-10 13:29:57,E-Track3,Peugeot 406,1,6.94385,1.32948,-0.591949,0.233852,1042.84,1,0.5,0.8,0.0,5,recovery,2.45377,2.52136,143.141
2025-05-10 13:29:57,E-Track3,Peugeot 406,1,6.94434,1.32941,-0.592173,0.264404,942.478,1,0.5,0.8,0.0,5,recovery,2.45244,2.52003,142.998
2025-05-10 13:29:57,E-Track3,Peugeot 406,1,6.94482,1.3293,-0.592539,0.479184,942.478,1,0.5,0.8,0.0,5,recovery,2.45026,2.51783,142.805
2025-05-10 13:29:57,E-Track3,Peugeot 406,1,6.94629,1.32927,-0.59318,0.673392,942.478,1,0.5,0.8,0.0,5,recovery,2.44641,2.51389,142.804
2025-05-10 13:29:57,E-Track3,Peugeot 406,1,6.94824,1.32891,-0.594096,1.02027,942.478,1,0.5,0.8,0.0,5,recovery,2.44096,2.50845,142.122
2025-05-10 13:29:57,E-Track3,Peugeot 406,1,6.95068,1.3286,-0.595255,1.32739,942.478,1,0.5,0.8,0.0,5,recovery,2.43404,2.50148,141.567
2025-05-10 13:29:57,E-Track3,Peugeot 406,1,6.95312,1.32862,-0.589569,1.10049,942.478,1,0.5,0.8,0.0,5,recovery,2.46823,2.53661,141.102
2025-05-10 13:29:57,E-Track3,Peugeot 406,1,6.95557,1.32813,-0.590749,1.32132,942.478,1,0.5,0.8,0.0,5,recovery,2.46122,2.52962,140.189
2025-05-10 13:29:57,E-Track3,Peugeot 406,1,6.9585,1.3276,-0.592193,1.65287,942.478,1,0.5,0.8,0.0,5,recovery,2.45262,2.52103,139.234
2025-05-10 13:29:57,E-Track3,Peugeot 406,1,6.96191,1.327,-0.593933,2.01062,942.478,1,0.5,0.8,0.0,5,recovery,2.44226,2.51064,138.196
2025-05-10 13:29:58,E-Track3,Peugeot 406,1,6.96582,1.32684,-0.58904,1.27454,942.478,1,0.5,0.8,0.0,5,recovery,2.47172,2.541,137.445
2025-05-10 13:29:58,E-Track3,Peugeot 406,1,6.96973,1.32685,-0.590433,1.52901,942.478,1,0.5,0.8,0.0,5,recovery,2.46333,2.53237,137.592
2025-05-10 13:29:58,E-Track3,Peugeot 406,1,6.97314,1.32617,-0.592132,1.91882,942.478,1,0.5,0.5,0.0,5,recovery,2.45323,2.5223,136.397
2025-05-10 13:29:58,E-Track3,Peugeot 406,1,6.97705,1.32546,-0.594116,2.26386,942.478,-1,0.5,-0.7,0.0,5,recovery,2.44142,2.51048,135.198
2025-05-10 13:29:58,E-Track3,Peugeot 406,1,6.98193,1.32549,-0.589264,1.50135,942.478,-1,0.5,-0.7,0.0,5,recovery,2.4706,2.54047,134.848
2025-05-10 13:29:58,E-Track3,Peugeot 406,1,6.98584,1.32534,-0.590769,1.58345,942.478,-1,0.5,-0.7,0.0,5,recovery,2.46157,2.53126,134.685
2025-05-10 13:29:58,E-Track3,Peugeot 406,1,6.98926,1.3247,-0.592488,1.73557,942.478,-1,0.5,-0.7,0.0,5,recovery,2.45134,2.52103,133.629
2025-05-10 13:29:58,E-Track3,Peugeot 406,1,6.99268,1.32402,-0.594207,1.79686,942.478,-1,0.5,-0.7,0.0,5,recovery,2.44112,2.51082,132.524
2025-05-10 13:29:58,E-Track3,Peugeot 406,1,6.99609,1.32408,-0.588887,1.03575,942.478,-1,0.5,-0.7,0.0,5,recovery,2.47312,2.5437,132.184
2025-05-10 13:29:58,E-Track3,Peugeot 406,1,6.99902,1.32427,-0.589823,0.944568,942.478,-1,0.5,-0.7,0.0,5,recovery,2.46745,2.53779,132.617
2025-05-10 13:29:58,E-Track3,Peugeot 406,1,7.00195,1.32409,-0.590779,0.938751,942.478,-1,0.5,-0.7,0.0,5,recovery,2.46173,2.53199,132.361
2025-05-10 13:29:58,E-Track3,Peugeot 406,1,7.00391,1.32378,-0.591735,1.01351,942.478,-1,0.5,-0.7,0.0,5,recovery,2.45604,2.52627,131.884
2025-05-10 13:29:58,E-Track3,Peugeot 406,1,7.00586,1.3234,-0.592682,0.997822,942.478,-1,0.5,-0.7,0.0,5,recovery,2.45041,2.52066,131.264
2025-05-10 13:29:58,E-Track3,Peugeot 406,1,7.00781,1.323,-0.593628,0.89578,942.478,-1,0.5,-0.7,0.0,5,recovery,2.44479,2.51506,130.62
2025-05-10 13:29:58,E-Track3,Peugeot 406,1,7.00977,1.32262,-0.594523,0.885188,942.478,-1,0.5,-0.7,0.0,5,recovery,2.43948,2.50976,130.029
2025-05-10 13:29:58,E-Track3,Peugeot 406,1,7.01172,1.32284,-0.58847,0.567107,942.478,-1,0.5,-0.7,0.0,5,recovery,2.47585,2.54708,129.922
2025-05-10 13:29:58,E-Track3,Peugeot 406,1,7.01318,1.32282,-0.588969,0.561084,942.478,-1,0.5,-0.7,0.0,5,recovery,2.47286,2.54401,129.922
2025-05-10 13:29:58,E-Track3,Peugeot 406,1,7.01416,1.32266,-0.589467,0.463793,942.478,-1,0.5,-0.7,0.0,5,recovery,2.46988,2.54102,129.691
2025-05-10 13:29:58,E-Track3,Peugeot 406,1,7.01514,1.32251,-0.589976,0.452443,942.478,-1,0.5,-0.7,0.0,5,recovery,2.46685,2.53797,129.473
2025-05-10 13:29:58,E-Track3,Peugeot 406,1,7.01611,1.32236,-0.590484,0.527669,942.478,-1,0.5,-0.7,0.0,5,recovery,2.46382,2.53492,129.239
2025-05-10 13:29:58,E-Track3,Peugeot 406,1,7.01709,1.32217,-0.590952,0.513115,942.478,-1,0.5,-0.7,0.0,5,recovery,2.46104,2.53215,128.946
2025-05-10 13:29:58,E-Track3,Peugeot 406,1,7.01807,1.32198,-0.5914,0.410015,942.478,-1,0.5,-0.7,0.0,5,recovery,2.45838,2.5295,128.652
2025-05-10 13:29:58,E-Track3,Peugeot 406,1,7.01855,1.32183,-0.591817,0.39683,942.478,1,0.5,0.8,0.0,5,recovery,2.4559,2.52701,128.427
2025-05-10 13:29:58,E-Track3,Peugeot 406,1,7.01953,1.32168,-0.592214,0.471756,942.478,1,0.5,0.8,0.0,5,recovery,2.45354,2.52465,128.213
2025-05-10 13:29:58,E-Track3,Peugeot 406,1,7.02002,1.32151,-0.5926,0.458313,942.478,1,0.5,0.8,0.0,5,recovery,2.45124,2.52237,127.954
2025-05-10 13:29:58,E-Track3,Peugeot 406,1,7.02051,1.32134,-0.592987,0.355442,957.884,1,0.5,0.8,0.0,5,recovery,2.44895,2.52008,127.697
2025-05-10 13:29:58,E-Track3,Peugeot 406,1,7.02148,1.32122,-0.593383,0.343121,974.847,1,0.5,0.8,0.0,5,recovery,2.44659,2.51771,127.513
2025-05-10 13:29:58,E-Track3,Peugeot 406,1,7.02197,1.3211,-0.59378,0.417359,991.824,1,0.5,0.8,0.0,5,recovery,2.44422,2.51532,127.348
2025-05-10 13:29:58,E-Track3,Peugeot 406,1,7.02295,1.32096,-0.594167,0.403834,1008.82,1,0.5,0.8,0.0,5,recovery,2.44192,2.51302,127.141
2025-05-10 13:29:58,E-Track3,Peugeot 406,1,7.02344,1.32083,-0.594502,0.3022,1025.82,1,0.5,0.8,0.0,5,recovery,2.43992,2.51103,126.946
2025-05-10 13:29:58,E-Track3,Peugeot 406,1,7.02393,1.32093,-0.588053,0.159103,1042.84,1,0.5,0.8,0.0,5,recovery,2.47871,2.5509,126.605
2025-05-10 13:29:58,E-Track3,Peugeot 406,1,7.02441,1.32099,-0.588226,0.24087,942.478,1,0.5,0.8,0.0,5,recovery,2.47766,2.54979,126.715
2025-05-10 13:29:58,E-Track3,Peugeot 406,1,7.0249,1.321,-0.588531,0.47068,942.478,1,0.5,0.8,0.0,5,recovery,2.47582,2.54789,126.75
2025-05-10 13:29:58,E-Track3,Peugeot 406,1,7.02637,1.32069,-0.589101,0.739262,942.478,1,0.5,0.8,0.0,5,recovery,2.47245,2.54456,126.29
2025-05-10 13:29:58,E-Track3,Peugeot 406,1,7.02832,1.32041,-0.589965,0.934851,942.478,1,0.5,0.8,0.0,5,recovery,2.4673,2.53939,125.889
2025-05-10 13:29:58,E-Track3,Peugeot 406,1,7.03076,1.32004,-0.591145,1.29656,942.478,1,0.5,0.8,0.0,5,recovery,2.46027,2.53233,125.366
2025-05-10 13:29:58,E-Track3,Peugeot 406,1,7.03369,1.31942,-0.59259,1.56661,942.478,1,0.5,0.8,0.0,5,recovery,2.45169,2.52378,124.472
2025-05-10 13:29:58,E-Track3,Peugeot 406,1,7.03711,1.31878,-0.594329,1.96239,942.478,1,0.5,0.8,0.0,5,recovery,2.44135,2.51342,123.581
2025-05-10 13:29:58,E-Track3,Peugeot 406,1,7.04102,1.31877,-0.58906,1.41509,942.478,1,0.5,0.8,0.0,5,recovery,2.47306,2.54607,123.161
2025-05-10 13:29:58,E-Track3,Peugeot 406,1,7.04395,1.31822,-0.590525,1.74122,942.478,1,0.5,0.8,0.0,5,recovery,2.46435,2.53736,122.404
2025-05-10 13:29:58,E-Track3,Peugeot 406,1,7.04736,1.31749,-0.592254,1.83595,942.478,1,0.5,0.8,0.0,5,recovery,2.45408,2.52712,121.4
2025-05-10 13:29:58,E-Track3,Peugeot 406,1,7.05176,1.31668,-0.594279,2.22525,942.478,1,0.5,0.8,0.0,5,recovery,2.44206,2.5151,120.323
2025-05-10 13:29:58,E-Track3,Peugeot 406,1,7.05615,1.31688,-0.589213,1.61302,942.478,1,0.5,0.5,0.0,5,recovery,2.47251,2.54637,120.24
2025-05-10 13:29:59,E-Track3,Peugeot 406,1,7.06055,1.31622,-0.590881,1.92125,942.478,-1,0.5,-0.7,0.0,5,recovery,2.4626,2.53646,119.379
2025-05-10 13:29:59,E-Track3,Peugeot 406,1,7.06445,1.31544,-0.592854,2.21497,942.478,-1,0.5,-0.7,0.0,5,recovery,2.45087,2.52474,118.38
2025-05-10 13:29:59,E-Track3,Peugeot 406,1,7.06934,1.31496,-0.588175,1.32763,942.478,-1,0.5,-0.7,0.0,5,recovery,2.47914,2.55408,117.327
2025-05-10 13:29:59,E-Track3,Peugeot 406,1,7.07324,1.31504,-0.589589,1.50186,942.478,-1,0.5,-0.7,0.0,5,recovery,2.47061,2.54525,117.557
2025-05-10 13:29:59,E-Track3,Peugeot 406,1,7.07666,1.31464,-0.591044,1.49221,942.478,-1,0.5,-0.7,0.0,5,recovery,2.46193,2.5365,117.089
2025-05-10 13:29:59,E-Track3,Peugeot 406,1,7.08008,1.31411,-0.592498,1.47873,942.478,-1,0.5,-0.7,0.0,5,recovery,2.45328,2.52783,116.437
2025-05-10 13:29:59,E-Track3,Peugeot 406,1,7.0835,1.3135,-0.593953,1.46126,942.478,-1,0.5,-0.7,0.0,5,recovery,2.44465,2.51921,115.684
2025-05-10 13:29:59,E-Track3,Peugeot 406,1,7.08643,1.31385,-0.588267,0.831237,942.478,-1,0.5,-0.7,0.0,5,recovery,2.47881,2.55426,115.761
2025-05-10 13:29:59,E-Track3,Peugeot 406,1,7.08887,1.31395,-0.58905,0.822358,942.478,-1,0.5,-0.7,0.0,5,recovery,2.47408,2.54933,115.966
2025-05-10 13:29:59,E-Track3,Peugeot 406,1,7.09082,1.31376,-0.589833,0.81142,942.478,-1,0.5,-0.7,0.0,5,recovery,2.4694,2.54459,115.755
2025-05-10 13:29:59,E-Track3,Peugeot 406,1,7.09277,1.31345,-0.590616,0.795618,942.478,-1,0.5,-0.7,0.0,5,recovery,2.46475,2.53995,115.372
2025-05-10 13:29:59,E-Track3,Peugeot 406,1,7.09473,1.31316,-0.5914,0.778565,942.478,-1,0.5,-0.7,0.0,5,recovery,2.46009,2.53528,115.027
2025-05-10 13:29:59,E-Track3,Peugeot 406,1,7.09619,1.3129,-0.592183,0.764701,942.478,-1,0.5,-0.7,0.0,5,recovery,2.45543,2.53059,114.73
2025-05-10 13:29:59,E-Track3,Peugeot 406,1,7.09766,1.31259,-0.592895,0.750038,942.478,-1,0.5,-0.7,0.0,5,recovery,2.4512,2.52638,114.359
2025-05-10 13:29:59,E-Track3,Peugeot 406,1,7.09912,1.31224,-0.593566,0.734517,942.478,-1,0.5,-0.7,0.0,5,recovery,2.44723,2.52244,113.933
2025-05-10 13:29:59,E-Track3,Peugeot 406,1,7.1001,1.31207,-0.587524,0.414051,942.478,-1,0.5,-0.7,0.0,5,recovery,2.48365,2.56007,113.263
2025-05-10 13:29:59,E-Track3,Peugeot 406,1,7.10156,1.3123,-0.58786,0.401846,942.478,-1,0.5,-0.7,0.0,5,recovery,2.48158,2.55782,113.602
2025-05-10 13:29:59,E-Track3,Peugeot 406,1,7.10254,1.31223,-0.588195,0.388878,942.478,-1,0.5,-0.7,0.0,5,recovery,2.47958,2.55579,113.533
2025-05-10 13:29:59,E-Track3,Peugeot 406,1,7.10352,1.31205,-0.588531,0.373056,942.478,-1,0.5,-0.7,0.0,5,recovery,2.47759,2.55383,113.313
2025-05-10 13:29:59,E-Track3,Peugeot 406,1,7.104,1.31191,-0.588867,0.357941,942.478,1,0.5,0.8,0.0,5,recovery,2.4756,2.55184,113.143
2025-05-10 13:29:59,E-Track3,Peugeot 406,1,7.10449,1.31181,-0.589202,0.34413,942.478,1,0.5,0.8,0.0,5,recovery,2.4736,2.54982,113.033
2025-05-10 13:29:59,E-Track3,Peugeot 406,1,7.10547,1.31166,-0.589538,0.329906,942.478,1,0.5,0.8,0.0,5,recovery,2.47161,2.54784,112.86
2025-05-10 13:29:59,E-Track3,Peugeot 406,1,7.10596,1.31146,-0.589874,0.315274,957.884,1,0.5,0.8,0.0,5,recovery,2.46963,2.54589,112.628
2025-05-10 13:29:59,E-Track3,Peugeot 406,1,7.10645,1.31133,-0.59021,0.300492,974.847,1,0.5,0.8,0.0,5,recovery,2.46764,2.54389,112.475
2025-05-10 13:29:59,E-Track3,Peugeot 406,1,7.10742,1.31125,-0.590505,0.286567,991.824,1,0.5,0.8,0.0,5,recovery,2.46588,2.54211,112.391
2025-05-10 13:29:59,E-Track3,Peugeot 406,1,7.10791,1.31113,-0.590728,0.272354,1008.82,1,0.5,0.8,0.0,5,recovery,2.46456,2.54081,112.246
2025-05-10 13:29:59,E-Track3,Peugeot 406,1,7.10889,1.31097,-0.590952,0.256309,1025.82,1,0.5,0.8,0.0,5,recovery,2.46324,2.53953,112.051
2025-05-10 13:29:59,E-Track3,Peugeot 406,1,7.10938,1.31086,-0.591176,0.240675,1042.84,1,0.5,0.8,0.0,5,recovery,2.46192,2.53821,111.928
2025-05-10 13:29:59,E-Track3,Peugeot 406,1,7.10986,1.31081,-0.5914,0.22643,942.478,1,0.5,0.8,0.0,5,recovery,2.46058,2.53685,111.878
2025-05-10 13:29:59,E-Track3,Peugeot 406,1,7.11084,1.31066,-0.591756,0.510697,942.478,1,0.5,0.8,0.0,5,recovery,2.45847,2.53475,111.705
2025-05-10 13:29:59,E-Track3,Peugeot 406,1,7.11182,1.31041,-0.592427,0.740338,942.478,1,0.5,0.8,0.0,5,recovery,2.45448,2.53075,111.425
2025-05-10 13:29:59,E-Track3,Peugeot 406,1,7.11426,1.31012,-0.593404,1.05079,942.478,1,0.5,0.8,0.0,5,recovery,2.44866,2.52488,111.115
2025-05-10 13:29:59,E-Track3,Peugeot 406,1,7.1167,1.31007,-0.587778,0.918958,942.478,1,0.5,0.8,0.0,5,recovery,2.48255,2.55984,110.664
2025-05-10 13:29:59,E-Track3,Peugeot 406,1,7.11865,1.30969,-0.588735,1.10512,942.478,1,0.5,0.8,0.0,5,recovery,2.47687,2.55417,110.241
2025-05-10 13:29:59,E-Track3,Peugeot 406,1,7.12158,1.30921,-0.589996,1.46405,942.478,1,0.5,0.8,0.0,5,recovery,2.46937,2.54666,109.73
2025-05-10 13:29:59,E-Track3,Peugeot 406,1,7.125,1.3087,-0.591522,1.76371,942.478,1,0.5,0.8,0.0,5,recovery,2.46017,2.53753,109.194
2025-05-10 13:29:59,E-Track3,Peugeot 406,1,7.12891,1.30798,-0.593302,1.94284,942.478,1,0.5,0.8,0.0,5,recovery,2.44929,2.52696,108.423
2025-05-10 13:29:59,E-Track3,Peugeot 406,1,7.13281,1.30798,-0.588267,1.44457,942.478,1,0.5,0.8,0.0,5,recovery,2.47962,2.55825,108.082
2025-05-10 13:29:59,E-Track3,Peugeot 406,1,7.13721,1.30761,-0.589731,1.73636,942.478,1,0.5,0.8,0.0,5,recovery,2.47072,2.5494,107.733
2025-05-10 13:29:59,E-Track3,Peugeot 406,1,7.14111,1.30688,-0.591501,1.92553,942.478,1,0.5,0.5,0.0,5,recovery,2.4599,2.5389,106.972
2025-05-10 13:29:59,E-Track3,Peugeot 406,1,7.14551,1.30608,-0.593566,2.26597,942.478,-1,0.5,-0.7,0.0,5,recovery,2.4473,2.52661,106.167
2025-05-10 13:29:59,E-Track3,Peugeot 406,1,7.1499,1.30618,-0.588551,1.66947,942.478,-1,0.5,-0.7,0.0,5,recovery,2.47752,2.55772,105.947
2025-05-10 13:29:59,E-Track3,Peugeot 406,1,7.1543,1.30542,-0.59022,1.73013,942.478,-1,0.5,-0.7,0.0,5,recovery,2.46732,2.54787,105.173
2025-05-10 13:29:59,E-Track3,Peugeot 406,1,7.1582,1.30476,-0.592041,1.80888,942.478,-1,0.5,-0.7,0.0,5,recovery,2.45622,2.537,104.54
2025-05-10 13:29:59,E-Track3,Peugeot 406,1,7.16211,1.30401,-0.593841,1.9093,942.478,-1,0.5,-0.7,0.0,5,recovery,2.44522,2.52633,103.803
2025-05-10 13:29:59,E-Track3,Peugeot 406,1,7.16553,1.30411,-0.588287,1.17701,942.478,-1,0.5,-0.7,0.0,5,recovery,2.47868,2.56081,103.554
2025-05-10 13:29:59,E-Track3,Peugeot 406,1,7.16846,1.3038,-0.589345,1.08332,942.478,-1,0.5,-0.7,0.0,5,recovery,2.47225,2.55444,103.277
2025-05-10 13:29:59,E-Track3,Peugeot 406,1,7.1709,1.30342,-0.590413,1.0749,942.478,-1,0.5,-0.7,0.0,5,recovery,2.46574,2.54806,102.933
2025-05-10 13:30:00,E-Track3,Peugeot 406,1,7.17334,1.30301,-0.591481,1.14753,942.478,-1,0.5,-0.7,0.0,5,recovery,2.45923,2.5417,102.548
2025-05-10 13:30:00,E-Track3,Peugeot 406,1,7.17578,1.30255,-0.592539,1.12896,942.478,-1,0.5,-0.7,0.0,5,recovery,2.45277,2.53544,102.111
2025-05-10 13:30:00,E-Track3,Peugeot 406,1,7.17822,1.30208,-0.593597,1.02957,942.478,-1,0.5,-0.7,0.0,5,recovery,2.44631,2.52918,101.675
2025-05-10 13:30:00,E-Track3,Peugeot 406,1,7.18018,1.30242,-0.587504,0.565772,942.478,-1,0.5,-0.7,0.0,5,recovery,2.48306,2.56686,101.651
2025-05-10 13:30:00,E-Track3,Peugeot 406,1,7.18213,1.30238,-0.588063,0.650313,942.478,-1,0.5,-0.7,0.0,5,recovery,2.47968,2.56341,101.639
2025-05-10 13:30:00,E-Track3,Peugeot 406,1,7.18311,1.30219,-0.588623,0.638319,942.478,-1,0.5,-0.7,0.0,5,recovery,2.47628,2.56006,101.477
2025-05-10 13:30:00,E-Track3,Peugeot 406,1,7.18457,1.30197,-0.589182,0.535214,942.478,-1,0.5,-0.7,0.0,5,recovery,2.47286,2.55674,101.273
2025-05-10 13:30:00,E-Track3,Peugeot 406,1,7.18604,1.30177,-0.589731,0.521273,942.478,-1,0.5,-0.7,0.0,5,recovery,2.46952,2.55346,101.091
2025-05-10 13:30:00,E-Track3,Peugeot 406,1,7.1875,1.30156,-0.59024,0.596285,942.478,-1,0.5,-0.7,0.0,5,recovery,2.46641,2.55044,100.905
2025-05-10 13:30:00,E-Track3,Peugeot 406,1,7.18848,1.30133,-0.590739,0.58284,942.478,-1,0.5,-0.7,0.0,5,recovery,2.46337,2.5475,100.691
2025-05-10 13:30:00,E-Track3,Peugeot 406,1,7.18945,1.3011,-0.591237,0.479871,942.478,-1,0.5,-0.7,0.0,5,recovery,2.46032,2.54456,100.48
2025-05-10 13:30:00,E-Track3,Peugeot 406,1,7.19043,1.30091,-0.591746,0.466152,942.478,1,0.5,0.8,0.0,5,recovery,2.45723,2.54152,100.313
2025-05-10 13:30:00,E-Track3,Peugeot 406,1,7.19141,1.30073,-0.592254,0.541377,942.478,1,0.5,0.8,0.0,5,recovery,2.45413,2.53848,100.158
2025-05-10 13:30:00,E-Track3,Peugeot 406,1,7.19238,1.30053,-0.592753,0.527252,942.478,1,0.5,0.8,0.0,5,recovery,2.45109,2.53553,99.974
2025-05-10 13:30:00,E-Track3,Peugeot 406,1,7.19336,1.30032,-0.59321,0.424347,957.884,1,0.5,0.8,0.0,5,recovery,2.44829,2.53282,99.7916
2025-05-10 13:30:00,E-Track3,Peugeot 406,1,7.19434,1.30039,-0.586873,0.199247,974.847,1,0.5,0.8,0.0,5,recovery,2.48645,2.57223,99.4647
2025-05-10 13:30:00,E-Track3,Peugeot 406,1,7.19531,1.30047,-0.587097,0.280613,991.824,1,0.5,0.8,0.0,5,recovery,2.48512,2.57078,99.5626
2025-05-10 13:30:00,E-Track3,Peugeot 406,1,7.1958,1.30045,-0.587321,0.272491,1008.82,1,0.5,0.8,0.0,5,recovery,2.48377,2.5694,99.551
2025-05-10 13:30:00,E-Track3,Peugeot 406,1,7.19629,1.30041,-0.587544,0.17216,1025.82,1,0.5,0.8,0.0,5,recovery,2.48241,2.56804,99.5245
2025-05-10 13:30:00,E-Track3,Peugeot 406,1,7.19678,1.30039,-0.587717,0.160256,1042.84,1,0.5,0.8,0.0,5,recovery,2.48137,2.56697,99.5205
2025-05-10 13:30:00,E-Track3,Peugeot 406,1,7.19727,1.30038,-0.58789,0.236153,942.478,1,0.5,0.8,0.0,5,recovery,2.48033,2.5659,99.5215
2025-05-10 13:30:00,E-Track3,Peugeot 406,1,7.19775,1.3003,-0.588185,0.448509,942.478,1,0.5,0.8,0.0,5,recovery,2.47853,2.56412,99.4542
2025-05-10 13:30:00,E-Track3,Peugeot 406,1,7.19922,1.30022,-0.588745,0.67391,942.478,1,0.5,0.8,0.0,5,recovery,2.47515,2.5607,99.4055
2025-05-10 13:30:00,E-Track3,Peugeot 406,1,7.20068,1.29992,-0.58962,0.951895,942.478,1,0.5,0.8,0.0,5,recovery,2.46983,2.55546,99.155
2025-05-10 13:30:00,E-Track3,Peugeot 406,1,7.20312,1.29947,-0.590728,1.32517,942.478,1,0.5,0.8,0.0,5,recovery,2.46307,2.54887,98.7642
2025-05-10 13:30:00,E-Track3,Peugeot 406,1,7.20654,1.29892,-0.592112,1.67684,942.478,1,0.5,0.8,0.0,5,recovery,2.45464,2.54065,98.2863
2025-05-10 13:30:00,E-Track3,Peugeot 406,1,7.20996,1.29845,-0.590393,1.39015,942.478,1,0.5,0.8,0.0,5,recovery,2.46489,2.55169,97.7097
2025-05-10 13:30:00,E-Track3,Peugeot 406,1,7.21338,1.29837,-0.588246,1.39567,942.478,1,0.5,0.8,0.0,5,recovery,2.47779,2.56512,97.4992
2025-05-10 13:30:00,E-Track3,Peugeot 406,1,7.2168,1.29778,-0.589752,1.6819,942.478,1,0.5,0.8,0.0,5,recovery,2.46862,2.55617,97.0076
2025-05-10 13:30:00,E-Track3,Peugeot 406,1,7.2207,1.29711,-0.591542,1.96784,942.478,1,0.5,0.8,0.0,5,recovery,2.45773,2.54549,96.4623
2025-05-10 13:30:00,E-Track3,Peugeot 406,1,7.22559,1.29634,-0.593617,2.29229,942.478,1,0.5,0.8,0.0,5,recovery,2.4451,2.5331,95.853
2025-05-10 13:30:00,E-Track3,Peugeot 406,1,7.22998,1.29644,-0.588378,1.63932,942.478,1,0.5,0.5,0.0,5,recovery,2.47664,2.56568,95.6335
2025-05-10 13:30:00,E-Track3,Peugeot 406,1,7.23389,1.29572,-0.590108,2.01601,942.478,-1,0.5,-0.7,0.0,5,recovery,2.4661,2.55542,95.0524
2025-05-10 13:30:00,E-Track3,Peugeot 406,1,7.23877,1.29498,-0.592112,2.34132,942.478,-1,0.5,-0.7,0.0,5,recovery,2.45391,2.54347,94.4747
2025-05-10 13:30:00,E-Track3,Peugeot 406,1,7.24365,1.29471,-0.587351,1.37007,942.478,-1,0.5,-0.7,0.0,5,recovery,2.4825,2.57335,93.9454
2025-05-10 13:30:00,E-Track3,Peugeot 406,1,7.24756,1.29446,-0.588785,1.51212,942.478,-1,0.5,-0.7,0.0,5,recovery,2.47383,2.56459,93.7968
2025-05-10 13:30:00,E-Track3,Peugeot 406,1,7.25146,1.29391,-0.59024,1.57743,942.478,-1,0.5,-0.7,0.0,5,recovery,2.46498,2.55591,93.3849
2025-05-10 13:30:00,E-Track3,Peugeot 406,1,7.25488,1.29332,-0.591695,1.56008,942.478,-1,0.5,-0.7,0.0,5,recovery,2.45612,2.54727,92.9311
2025-05-10 13:30:00,E-Track3,Peugeot 406,1,7.2583,1.29274,-0.593139,1.46178,942.478,-1,0.5,-0.7,0.0,5,recovery,2.44733,2.53867,92.5005
2025-05-10 13:30:00,E-Track3,Peugeot 406,1,7.26123,1.29321,-0.587259,0.827563,942.478,-1,0.5,-0.7,0.0,5,recovery,2.48278,2.57502,92.5772
2025-05-10 13:30:00,E-Track3,Peugeot 406,1,7.26367,1.2931,-0.588073,0.904658,942.478,-1,0.5,-0.7,0.0,5,recovery,2.47787,2.57002,92.53
2025-05-10 13:30:00,E-Track3,Peugeot 406,1,7.26562,1.29284,-0.588897,0.887954,942.478,-1,0.5,-0.7,0.0,5,recovery,2.47287,2.56507,92.3407
2025-05-10 13:30:00,E-Track3,Peugeot 406,1,7.26758,1.29256,-0.589691,0.786969,942.478,-1,0.5,-0.7,0.0,5,recovery,2.46804,2.56032,92.1379
2025-05-10 13:30:00,E-Track3,Peugeot 406,1,7.27002,1.29224,-0.590474,0.775291,942.478,-1,0.5,-0.7,0.0,5,recovery,2.46328,2.55567,91.9038
2025-05-10 13:30:00,E-Track3,Peugeot 406,1,7.27197,1.29188,-0.591247,0.847678,942.478,-1,0.5,-0.7,0.0,5,recovery,2.45856,2.55111,91.6287
2025-05-10 13:30:00,E-Track3,Peugeot 406,1,7.27344,1.29153,-0.591969,0.8314,942.478,-1,0.5,-0.7,0.0,5,recovery,2.45416,2.54686,91.3659
2025-05-10 13:30:00,E-Track3,Peugeot 406,1,7.2749,1.29123,-0.592692,0.729105,942.478,-1,0.5,-0.7,0.0,5,recovery,2.44976,2.54257,91.1494
2025-05-10 13:30:01,E-Track3,Peugeot 406,1,7.27686,1.29132,-0.586547,0.385585,942.478,-1,0.5,-0.7,0.0,5,recovery,2.48673,2.58085,90.8766
2025-05-10 13:30:01,E-Track3,Peugeot 406,1,7.27832,1.29134,-0.586944,0.466296,942.478,-1,0.5,-0.7,0.0,5,recovery,2.48435,2.57836,90.9117
2025-05-10 13:30:01,E-Track3,Peugeot 406,1,7.2793,1.29121,-0.587331,0.455378,942.478,-1,0.5,-0.7,0.0,5,recovery,2.48201,2.57604,90.8294
2025-05-10 13:30:01,E-Track3,Peugeot 406,1,7.28027,1.29108,-0.587717,0.355519,942.478,-1,0.5,-0.7,0.0,5,recovery,2.47966,2.57373,90.7358
2025-05-10 13:30:01,E-Track3,Peugeot 406,1,7.28125,1.2909,-0.588114,0.343458,942.478,1,0.5,0.8,0.0,5,recovery,2.47724,2.57139,90.6013
2025-05-10 13:30:01,E-Track3,Peugeot 406,1,7.28223,1.29065,-0.588511,0.418769,942.478,1,0.5,0.8,0.0,5,recovery,2.47481,2.56909,90.4161
2025-05-10 13:30:01,E-Track3,Peugeot 406,1,7.2832,1.29042,-0.588846,0.404087,942.478,1,0.5,0.8,0.0,5,recovery,2.47275,2.56717,90.2363
2025-05-10 13:30:01,E-Track3,Peugeot 406,1,7.28369,1.29024,-0.589182,0.300467,957.884,1,0.5,0.8,0.0,5,recovery,2.4707,2.56521,90.1001
2025-05-10 13:30:01,E-Track3,Peugeot 406,1,7.28418,1.29004,-0.589477,0.28667,974.847,1,0.5,0.8,0.0,5,recovery,2.4689,2.56351,89.954
2025-05-10 13:30:01,E-Track3,Peugeot 406,1,7.28516,1.28981,-0.589762,0.360568,991.824,1,0.5,0.8,0.0,5,recovery,2.46714,2.5619,89.7694
2025-05-10 13:30:01,E-Track3,Peugeot 406,1,7.28564,1.28959,-0.590037,0.344731,1008.82,1,0.5,0.8,0.0,5,recovery,2.46545,2.56035,89.6001
2025-05-10 13:30:01,E-Track3,Peugeot 406,1,7.28662,1.28941,-0.590311,0.241081,1025.82,1,0.5,0.8,0.0,5,recovery,2.46377,2.55876,89.4698
2025-05-10 13:30:01,E-Track3,Peugeot 406,1,7.28711,1.28923,-0.590596,0.228365,1042.84,1,0.5,0.8,0.0,5,recovery,2.46203,2.55712,89.3317
2025-05-10 13:30:01,E-Track3,Peugeot 406,1,7.2876,1.289,-0.590881,0.301231,942.478,1,0.5,0.8,0.0,5,recovery,2.46028,2.55551,89.157
2025-05-10 13:30:01,E-Track3,Peugeot 406,1,7.28857,1.28878,-0.591257,0.588222,942.478,1,0.5,0.8,0.0,5,recovery,2.45798,2.55332,88.9977
2025-05-10 13:30:01,E-Track3,Peugeot 406,1,7.29004,1.28851,-0.591929,0.715105,942.478,1,0.5,0.8,0.0,5,recovery,2.4539,2.54933,88.817
2025-05-10 13:30:01,E-Track3,Peugeot 406,1,7.29199,1.28815,-0.592885,1.03554,942.478,1,0.5,0.8,0.0,5,recovery,2.44809,2.54362,88.5712
2025-05-10 13:30:01,E-Track3,Peugeot 406,1,7.29443,1.28794,-0.587036,1.08638,942.478,1,0.5,0.8,0.0,5,recovery,2.48323,2.58032,88.0773
2025-05-10 13:30:01,E-Track3,Peugeot 406,1,7.29688,1.28758,-0.588094,1.37108,942.478,1,0.5,0.8,0.0,5,recovery,2.47681,2.57398,87.8471
2025-05-10 13:30:01,E-Track3,Peugeot 406,1,7.2998,1.28712,-0.589436,1.56311,942.478,1,0.5,0.8,0.0,5,recovery,2.46866,2.56593,87.5533
2025-05-10 13:30:01,E-Track3,Peugeot 406,1,7.30371,1.28651,-0.591074,1.7461,942.478,1,0.5,0.8,0.0,5,recovery,2.45871,2.55615,87.155
2025-05-10 13:30:01,E-Track3,Peugeot 406,1,7.30811,1.28574,-0.592987,2.20307,942.478,1,0.5,0.8,0.0,5,recovery,2.44709,2.54478,86.6524
2025-05-10 13:30:01,E-Track3,Peugeot 406,1,7.3125,1.2859,-0.587646,1.57681,942.478,1,0.5,0.8,0.0,5,recovery,2.47923,2.57804,86.4912
2025-05-10 13:30:01,E-Track3,Peugeot 406,1,7.31641,1.28522,-0.589284,1.83642,942.478,1,0.5,0.8,0.0,5,recovery,2.46927,2.56832,86.0487
2025-05-10 13:30:01,E-Track3,Peugeot 406,1,7.3208,1.28439,-0.591196,2.13705,942.478,1,0.5,0.5,0.0,5,recovery,2.45765,2.55698,85.5146
2025-05-10 13:30:01,E-Track3,Peugeot 406,1,7.32617,1.28379,-0.586558,1.48899,942.478,-1,0.5,-0.7,0.0,5,recovery,2.48544,2.58645,84.816
2025-05-10 13:30:01,E-Track3,Peugeot 406,1,7.33105,1.28381,-0.588033,1.82716,942.478,-1,0.5,-0.7,0.0,5,recovery,2.47658,2.57721,84.9092
2025-05-10 13:30:01,E-Track3,Peugeot 406,1,7.33496,1.28294,-0.589782,1.8331,942.478,-1,0.5,-0.7,0.0,5,recovery,2.46592,2.56692,84.3552
2025-05-10 13:30:01,E-Track3,Peugeot 406,1,7.33984,1.2822,-0.591705,1.97569,942.478,-1,0.5,-0.7,0.0,5,recovery,2.45426,2.55545,83.9102
2025-05-10 13:30:01,E-Track3,Peugeot 406,1,7.34424,1.2821,-0.586568,1.20251,942.478,-1,0.5,-0.7,0.0,5,recovery,2.48512,2.58769,83.5629
2025-05-10 13:30:01,E-Track3,Peugeot 406,1,7.34766,1.28216,-0.587524,1.11763,942.478,-1,0.5,-0.7,0.0,5,recovery,2.47938,2.58165,83.6619
2025-05-10 13:30:01,E-Track3,Peugeot 406,1,7.35059,1.28197,-0.588501,1.20146,942.478,-1,0.5,-0.7,0.0,5,recovery,2.47348,2.57568,83.5743
2025-05-10 13:30:01,E-Track3,Peugeot 406,1,7.35303,1.28159,-0.589457,1.09985,942.478,-1,0.5,-0.7,0.0,5,recovery,2.46768,2.56999,83.3491
2025-05-10 13:30:01,E-Track3,Peugeot 406,1,7.35547,1.28123,-0.590433,1.17785,942.478,-1,0.5,-0.7,0.0,5,recovery,2.46176,2.56415,83.1394
2025-05-10 13:30:01,E-Track3,Peugeot 406,1,7.35791,1.28079,-0.59139,1.07503,942.478,-1,0.5,-0.7,0.0,5,recovery,2.45594,2.5585,82.8699
2025-05-10 13:30:01,E-Track3,Peugeot 406,1,7.36035,1.2804,-0.592366,1.15147,942.478,-1,0.5,-0.7,0.0,5,recovery,2.45002,2.55268,82.647
2025-05-10 13:30:01,E-Track3,Peugeot 406,1,7.3623,1.28051,-0.586283,0.613519,942.478,-1,0.5,-0.7,0.0,5,recovery,2.4866,2.59069,82.4055
2025-05-10 13:30:01,E-Track3,Peugeot 406,1,7.36426,1.28045,-0.586853,0.699236,942.478,-1,0.5,-0.7,0.0,5,recovery,2.48316,2.58717,82.3973
2025-05-10 13:30:01,E-Track3,Peugeot 406,1,7.36572,1.28024,-0.587402,0.598314,942.478,-1,0.5,-0.7,0.0,5,recovery,2.47983,2.58389,82.2767
2025-05-10 13:30:01,E-Track3,Peugeot 406,1,7.3667,1.28006,-0.587972,0.675756,942.478,-1,0.5,-0.7,0.0,5,recovery,2.47638,2.58046,82.1811
2025-05-10 13:30:01,E-Track3,Peugeot 406,1,7.36816,1.27981,-0.588521,0.573324,942.478,-1,0.5,-0.7,0.0,5,recovery,2.47304,2.57722,82.03
2025-05-10 13:30:01,E-Track3,Peugeot 406,1,7.36914,1.27962,-0.589091,0.650511,942.478,-1,0.5,-0.7,0.0,5,recovery,2.46959,2.5738,81.9258
2025-05-10 13:30:02,E-Track3,Peugeot 406,1,7.37061,1.27936,-0.589599,0.548092,942.478,-1,0.5,-0.7,0.0,5,recovery,2.4665,2.57081,81.775
2025-05-10 13:30:02,E-Track3,Peugeot 406,1,7.37158,1.27918,-0.590108,0.624123,942.478,-1,0.5,-0.7,0.0,5,recovery,2.46342,2.56776,81.6738
2025-05-10 13:30:02,E-Track3,Peugeot 406,1,7.37305,1.27894,-0.590586,0.522495,942.478,1,0.5,0.8,0.0,5,recovery,2.46051,2.56496,81.5278
2025-05-10 13:30:02,E-Track3,Peugeot 406,1,7.37402,1.27877,-0.591054,0.598901,942.478,1,0.5,0.8,0.0,5,recovery,2.45767,2.56216,81.4339
2025-05-10 13:30:02,E-Track3,Peugeot 406,1,7.37549,1.27853,-0.591501,0.497313,942.478,1,0.5,0.8,0.0,5,recovery,2.45495,2.55953,81.2979
2025-05-10 13:30:02,E-Track3,Peugeot 406,1,7.37646,1.27838,-0.591969,0.574076,956.343,1,0.5,0.8,0.0,5,recovery,2.45212,2.55672,81.213
2025-05-10 13:30:02,E-Track3,Peugeot 406,1,7.37793,1.27827,-0.585683,0.239412,971.761,1,0.5,0.8,0.0,5,recovery,2.48988,2.5962,80.8188
2025-05-10 13:30:02,E-Track3,Peugeot 406,1,7.37842,1.27835,-0.585947,0.324345,987.193,1,0.5,0.8,0.0,5,recovery,2.4883,2.59447,80.8902
2025-05-10 13:30:02,E-Track3,Peugeot 406,1,7.37939,1.27828,-0.586191,0.228368,1002.64,1,0.5,0.8,0.0,5,recovery,2.48683,2.593,80.8538
2025-05-10 13:30:02,E-Track3,Peugeot 406,1,7.37988,1.27826,-0.586456,0.308839,1018.09,1,0.5,0.8,0.0,5,recovery,2.48524,2.59135,80.8556
2025-05-10 13:30:02,E-Track3,Peugeot 406,1,7.38037,1.27818,-0.5867,0.209185,1033.55,1,0.5,0.8,0.0,5,recovery,2.48376,2.58989,80.8102
2025-05-10 13:30:02,E-Track3,Peugeot 406,1,7.38086,1.27816,-0.586944,0.287129,1049.03,1,0.5,0.8,0.0,5,recovery,2.48229,2.58837,80.8109
2025-05-10 13:30:02,E-Track3,Peugeot 406,1,7.38135,1.27808,-0.587148,0.184773,942.478,1,0.5,0.8,0.0,5,recovery,2.48105,2.58716,80.7674
2025-05-10 13:30:02,E-Track3,Peugeot 406,1,7.38232,1.27803,-0.587483,0.497261,942.478,1,0.5,0.8,0.0,5,recovery,2.47903,2.5851,80.7462
2025-05-10 13:30:02,E-Track3,Peugeot 406,1,7.3833,1.27782,-0.588022,0.737027,942.478,1,0.5,0.8,0.0,5,recovery,2.47576,2.58189,80.6312
2025-05-10 13:30:02,E-Track3,Peugeot 406,1,7.38525,1.27743,-0.588796,1.05191,942.478,1,0.5,0.8,0.0,5,recovery,2.47106,2.57734,80.4089
2025-05-10 13:30:02,E-Track3,Peugeot 406,1,7.3877,1.27714,-0.589782,1.1545,942.478,1,0.5,0.8,0.0,5,recovery,2.46509,2.57138,80.2659
2025-05-10 13:30:02,E-Track3,Peugeot 406,1,7.39062,1.27664,-0.591034,1.49246,942.478,1,0.5,0.8,0.0,5,recovery,2.4575,2.56393,79.995
2025-05-10 13:30:02,E-Track3,Peugeot 406,1,7.39404,1.27605,-0.592498,1.78686,942.478,1,0.5,0.8,0.0,5,recovery,2.44862,2.5552,79.6786
2025-05-10 13:30:02,E-Track3,Peugeot 406,1,7.39746,1.27618,-0.586842,1.43809,942.478,1,0.5,0.8,0.0,5,recovery,2.48263,2.59056,79.4791
2025-05-10 13:30:02,E-Track3,Peugeot 406,1,7.40088,1.27565,-0.588083,1.62072,942.478,1,0.5,0.8,0.0,5,recovery,2.4751,2.58319,79.1945
2025-05-10 13:30:02,E-Track3,Peugeot 406,1,7.4043,1.27504,-0.589579,1.89725,942.478,1,0.5,0.8,0.0,5,recovery,2.46603,2.5743,78.8707
2025-05-10 13:30:02,E-Track3,Peugeot 406,1,7.4082,1.27437,-0.591288,2.10168,942.478,1,0.5,0.5,0.0,5,recovery,2.45567,2.56411,78.5203
2025-05-10 13:30:02,E-Track3,Peugeot 406,1,7.41309,1.27407,-0.586252,1.48914,942.478,-1,0.5,-0.7,0.0,5,recovery,2.48589,2.59593,78.0803
2025-05-10 13:30:02,E-Track3,Peugeot 406,1,7.41699,1.27382,-0.587616,1.62301,942.478,-1,0.5,-0.7,0.0,5,recovery,2.47767,2.58758,77.99
2025-05-10 13:30:02,E-Track3,Peugeot 406,1,7.42139,1.27314,-0.589213,1.93851,942.478,-1,0.5,-0.7,0.0,5,recovery,2.46799,2.57809,77.6418
2025-05-10 13:30:02,E-Track3,Peugeot 406,1,7.42529,1.27245,-0.590861,1.89373,942.478,-1,0.5,-0.7,0.0,5,recovery,2.458,2.56829,77.2917
2025-05-10 13:30:02,E-Track3,Peugeot 406,1,7.42969,1.27181,-0.589162,1.50122,942.478,-1,0.5,-0.7,0.0,5,recovery,2.46812,2.57947,76.8124
2025-05-10 13:30:02,E-Track3,Peugeot 406,1,7.43311,1.27214,-0.58673,1.10048,942.478,-1,0.5,-0.7,0.0,5,recovery,2.48277,2.59447,76.8972
2025-05-10 13:30:02,E-Track3,Peugeot 406,1,7.43604,1.27196,-0.587707,1.18506,942.478,-1,0.5,-0.7,0.0,5,recovery,2.47688,2.58848,76.8323
2025-05-10 13:30:02,E-Track3,Peugeot 406,1,7.43896,1.27164,-0.588663,1.08248,942.478,-1,0.5,-0.7,0.0,5,recovery,2.4711,2.58273,76.6866
2025-05-10 13:30:02,E-Track3,Peugeot 406,1,7.44141,1.27125,-0.58964,1.1607,942.478,-1,0.5,-0.7,0.0,5,recovery,2.46518,2.57691,76.4909
2025-05-10 13:30:02,E-Track3,Peugeot 406,1,7.44385,1.27085,-0.590596,1.0558,942.478,-1,0.5,-0.7,0.0,5,recovery,2.45939,2.57122,76.2996
2025-05-10 13:30:02,E-Track3,Peugeot 406,1,7.44629,1.27043,-0.591573,1.13193,942.478,-1,0.5,-0.7,0.0,5,recovery,2.45347,2.56542,76.092
2025-05-10 13:30:02,E-Track3,Peugeot 406,1,7.44824,1.27035,-0.585622,0.606372,942.478,-1,0.5,-0.7,0.0,5,recovery,2.48921,2.60286,75.7606
2025-05-10 13:30:02,E-Track3,Peugeot 406,1,7.4502,1.27031,-0.586191,0.695436,942.478,-1,0.5,-0.7,0.0,5,recovery,2.48578,2.59932,75.7582
2025-05-10 13:30:02,E-Track3,Peugeot 406,1,7.45166,1.27013,-0.586741,0.594875,942.478,-1,0.5,-0.7,0.0,5,recovery,2.48246,2.59602,75.6784
2025-05-10 13:30:02,E-Track3,Peugeot 406,1,7.45312,1.26988,-0.58731,0.671826,942.478,-1,0.5,-0.7,0.0,5,recovery,2.47901,2.59263,75.5601
2025-05-10 13:30:02,E-Track3,Peugeot 406,1,7.45459,1.26965,-0.58786,0.569874,942.478,-1,0.5,-0.7,0.0,5,recovery,2.47568,2.58937,75.4503
2025-05-10 13:30:02,E-Track3,Peugeot 406,1,7.45557,1.26939,-0.588389,0.647007,942.478,-1,0.5,-0.7,0.0,5,recovery,2.47248,2.58625,75.3214
2025-05-10 13:30:02,E-Track3,Peugeot 406,1,7.45703,1.26916,-0.588897,0.544072,942.478,-1,0.5,-0.7,0.0,5,recovery,2.46939,2.58324,75.21
2025-05-10 13:30:02,E-Track3,Peugeot 406,1,7.45801,1.26891,-0.589406,0.620302,942.478,-1,0.5,-0.7,0.0,5,recovery,2.46631,2.58025,75.0845
2025-05-10 13:30:02,E-Track3,Peugeot 406,1,7.45947,1.26869,-0.589853,0.517749,942.478,1,0.5,0.8,0.0,5,recovery,2.46359,2.57762,74.975
2025-05-10 13:30:02,E-Track3,Peugeot 406,1,7.46045,1.26844,-0.590321,0.593333,942.478,1,0.5,0.8,0.0,5,recovery,2.46076,2.57487,74.8529
2025-05-10 13:30:02,E-Track3,Peugeot 406,1,7.46191,1.26822,-0.590769,0.490661,942.478,1,0.5,0.8,0.0,5,recovery,2.45804,2.57224,74.747
2025-05-10 13:30:02,E-Track3,Peugeot 406,1,7.46289,1.26798,-0.591237,0.571742,956.343,1,0.5,0.8,0.0,5,recovery,2.4552,2.56949,74.6302
2025-05-10 13:30:02,E-Track3,Peugeot 406,1,7.46436,1.26777,-0.591685,0.469824,971.761,1,0.5,0.8,0.0,5,recovery,2.45249,2.56684,74.53
2025-05-10 13:30:02,E-Track3,Peugeot 406,1,7.46533,1.26771,-0.585347,0.356185,987.193,1,0.5,0.8,0.0,5,recovery,2.49055,2.60673,74.1987
2025-05-10 13:30:02,E-Track3,Peugeot 406,1,7.46631,1.26765,-0.585591,0.259501,1002.64,1,0.5,0.8,0.0,5,recovery,2.48908,2.60525,74.1735
2025-05-10 13:30:02,E-Track3,Peugeot 406,1,7.4668,1.2675,-0.585856,0.340081,1018.09,1,0.5,0.8,0.0,5,recovery,2.48747,2.60371,74.0979
2025-05-10 13:30:02,E-Track3,Peugeot 406,1,7.46729,1.26734,-0.5861,0.239428,1033.55,1,0.5,0.8,0.0,5,recovery,2.48599,2.6023,74.0204
2025-05-10 13:30:02,E-Track3,Peugeot 406,1,7.46826,1.26714,-0.586364,0.316424,1049.03,1,0.5,0.8,0.0,5,recovery,2.48438,2.6008,73.9202
2025-05-10 13:30:02,E-Track3,Peugeot 406,1,7.46875,1.26698,-0.586608,0.213385,942.478,1,0.5,0.8,0.0,5,recovery,2.48289,2.5994,73.8372
2025-05-10 13:30:03,E-Track3,Peugeot 406,1,7.46973,1.26682,-0.586995,0.5581,942.478,1,0.5,0.8,0.0,5,recovery,2.48055,2.5971,73.7659
2025-05-10 13:30:03,E-Track3,Peugeot 406,1,7.47119,1.26658,-0.587575,0.755317,942.478,1,0.5,0.8,0.0,5,recovery,2.47704,2.59364,73.6601
2025-05-10 13:30:03,E-Track3,Peugeot 406,1,7.47314,1.26619,-0.588389,1.14361,942.478,1,0.5,0.8,0.0,5,recovery,2.47211,2.58885,73.4733
2025-05-10 13:30:03,E-Track3,Peugeot 406,1,7.47559,1.26571,-0.589406,1.36128,942.478,1,0.5,0.8,0.0,5,recovery,2.46595,2.58284,73.255
2025-05-10 13:30:03,E-Track3,Peugeot 406,1,7.47852,1.26519,-0.590657,1.55224,942.478,1,0.5,0.8,0.0,5,recovery,2.45838,2.57539,73.0204
2025-05-10 13:30:03,E-Track3,Peugeot 406,1,7.48193,1.26472,-0.588755,1.36757,942.478,1,0.5,0.8,0.0,5,recovery,2.46975,2.58774,72.6749
2025-05-10 13:30:03,E-Track3,Peugeot 406,1,7.48535,1.26459,-0.586476,1.43377,942.478,1,0.5,0.8,0.0,5,recovery,2.48342,2.60219,72.4996
2025-05-10 13:30:03,E-Track3,Peugeot 406,1,7.48877,1.26408,-0.587768,1.62261,942.478,1,0.5,0.8,0.0,5,recovery,2.47561,2.59447,72.2823
2025-05-10 13:30:03,E-Track3,Peugeot 406,1,7.49268,1.26339,-0.589324,1.95584,942.478,1,0.5,0.8,0.0,5,recovery,2.46619,2.58525,71.9768
2025-05-10 13:30:03,E-Track3,Peugeot 406,1,7.49707,1.26269,-0.591115,2.13478,942.478,1,0.5,0.5,0.0,5,recovery,2.45537,2.57455,71.682
2025-05-10 13:30:03,E-Track3,Peugeot 406,1,7.50146,1.26235,-0.586049,1.56337,942.478,-1,0.5,-0.7,0.0,5,recovery,2.48576,2.60673,71.2767
2025-05-10 13:30:03,E-Track3,Peugeot 406,1,7.50586,1.26172,-0.587443,1.69062,942.478,-1,0.5,-0.7,0.0,5,recovery,2.47732,2.59847,71.0056
2025-05-10 13:30:03,E-Track3,Peugeot 406,1,7.50977,1.26114,-0.589019,1.92249,942.478,-1,0.5,-0.7,0.0,5,recovery,2.4678,2.58902,70.7755
2025-05-10 13:30:03,E-Track3,Peugeot 406,1,7.51416,1.2604,-0.590759,1.99008,942.478,-1,0.5,-0.7,0.0,5,recovery,2.45728,2.57867,70.4689
2025-05-10 13:30:03,E-Track3,Peugeot 406,1,7.51855,1.26015,-0.58553,1.23686,942.478,-1,0.5,-0.7,0.0,5,recovery,2.48866,2.61183,70.1062
2025-05-10 13:30:03,E-Track3,Peugeot 406,1,7.52197,1.2602,-0.586486,1.15661,942.478,-1,0.5,-0.7,0.0,5,recovery,2.48292,2.60576,70.1763
2025-05-10 13:30:03,E-Track3,Peugeot 406,1,7.5249,1.26001,-0.587483,1.23873,942.478,-1,0.5,-0.7,0.0,5,recovery,2.47692,2.59964,70.1227
2025-05-10 13:30:03,E-Track3,Peugeot 406,1,7.52783,1.25962,-0.5885,1.13652,942.478,-1,0.5,-0.7,0.0,5,recovery,2.47077,2.59355,69.971
2025-05-10 13:30:03,E-Track3,Peugeot 406,1,7.53027,1.25925,-0.589497,1.21545,942.478,-1,0.5,-0.7,0.0,5,recovery,2.46475,2.58758,69.8256
2025-05-10 13:30:03,E-Track3,Peugeot 406,1,7.53271,1.2588,-0.590454,1.11399,942.478,-1,0.5,-0.7,0.0,5,recovery,2.45897,2.58193,69.6388
2025-05-10 13:30:03,E-Track3,Peugeot 406,1,7.53516,1.2584,-0.59143,1.19082,942.478,-1,0.5,-0.7,0.0,5,recovery,2.45307,2.5761,69.4827
2025-05-10 13:30:03,E-Track3,Peugeot 406,1,7.5376,1.25843,-0.585367,0.647111,942.478,-1,0.5,-0.7,0.0,5,recovery,2.48947,2.6143,69.2328
2025-05-10 13:30:03,E-Track3,Peugeot 406,1,7.53906,1.25836,-0.585937,0.73168,942.478,-1,0.5,-0.7,0.0,5,recovery,2.48605,2.61077,69.2201
2025-05-10 13:30:03,E-Track3,Peugeot 406,1,7.54102,1.25813,-0.586486,0.631073,942.478,-1,0.5,-0.7,0.0,5,recovery,2.48273,2.6075,69.1315
2025-05-10 13:30:03,E-Track3,Peugeot 406,1,7.54248,1.25794,-0.587056,0.708778,942.478,-1,0.5,-0.7,0.0,5,recovery,2.47929,2.60407,69.0606
2025-05-10 13:30:03,E-Track3,Peugeot 406,1,7.54395,1.25767,-0.587605,0.606516,942.478,-1,0.5,-0.7,0.0,5,recovery,2.47597,2.60083,68.9513
2025-05-10 13:30:03,E-Track3,Peugeot 406,1,7.54492,1.25746,-0.588175,0.682897,942.478,-1,0.5,-0.7,0.0,5,recovery,2.47253,2.59741,69.1641
2025-05-10 13:30:03,E-Track3,Peugeot 406,1,7.54639,1.2572,-0.588724,0.580737,942.478,-1,0.5,-0.7,0.0,5,recovery,2.46921,2.59417,69.5936
2025-05-10 13:30:03,E-Track3,Peugeot 406,1,7.54736,1.257,-0.589294,0.65815,942.478,-1,0.5,-0.7,0.0,5,recovery,2.46577,2.59075,69.8897
2025-05-10 13:30:03,E-Track3,Peugeot 406,1,7.54883,1.25674,-0.589813,0.555672,942.478,1,0.5,0.8,0.0,5,recovery,2.46263,2.58769,70.3148
2025-05-10 13:30:03,E-Track3,Peugeot 406,1,7.5498,1.25655,-0.590321,0.632601,942.478,1,0.5,0.8,0.0,5,recovery,2.45956,2.58464,70.6043
2025-05-10 13:30:03,E-Track3,Peugeot 406,1,7.55127,1.25631,-0.59081,0.530688,942.478,1,0.5,0.8,0.0,5,recovery,2.45661,2.58177,71.0236
2025-05-10 13:30:03,E-Track3,Peugeot 406,1,7.55225,1.25613,-0.591278,0.607753,956.343,1,0.5,0.8,0.0,5,recovery,2.45379,2.57896,71.2983
2025-05-10 13:30:03,E-Track3,Peugeot 406,1,7.55371,1.25611,-0.584899,0.276785,971.761,1,0.5,0.8,0.0,5,recovery,2.49208,2.61922,72.4551
2025-05-10 13:30:03,E-Track3,Peugeot 406,1,7.5542,1.2561,-0.585164,0.360209,987.193,1,0.5,0.8,0.0,5,recovery,2.49049,2.61756,72.4329
2025-05-10 13:30:03,E-Track3,Peugeot 406,1,7.55518,1.25599,-0.585408,0.263101,1002.64,1,0.5,0.8,0.0,5,recovery,2.48901,2.61612,72.6282
2025-05-10 13:30:03,E-Track3,Peugeot 406,1,7.55566,1.25594,-0.585673,0.344647,1018.09,1,0.5,0.8,0.0,5,recovery,2.48742,2.61449,72.6829
2025-05-10 13:30:03,E-Track3,Peugeot 406,1,7.55615,1.25583,-0.585917,0.244211,1033.55,1,0.5,0.8,0.0,5,recovery,2.48595,2.61304,72.8677
2025-05-10 13:30:03,E-Track3,Peugeot 406,1,7.55664,1.2558,-0.586181,0.320907,1049.03,1,0.5,0.8,0.0,5,recovery,2.48435,2.6114,72.8964
2025-05-10 13:30:03,E-Track3,Peugeot 406,1,7.55762,1.2557,-0.586425,0.219198,942.478,1,0.5,0.8,0.0,5,recovery,2.48288,2.60994,73.0579
2025-05-10 13:30:03,E-Track3,Peugeot 406,1,7.55859,1.25564,-0.586812,0.544097,942.478,1,0.5,0.8,0.0,5,recovery,2.48056,2.60755,73.1166
2025-05-10 13:30:03,E-Track3,Peugeot 406,1,7.56006,1.25552,-0.587371,0.739327,942.478,1,0.5,0.8,0.0,5,recovery,2.47719,2.60413,73.2896
2025-05-10 13:30:03,E-Track3,Peugeot 406,1,7.56152,1.25514,-0.588144,1.07106,942.478,1,0.5,0.8,0.0,5,recovery,2.47251,2.59957,73.9768
2025-05-10 13:30:03,E-Track3,Peugeot 406,1,7.56445,1.25481,-0.589182,1.26475,942.478,1,0.5,0.8,0.0,5,recovery,2.46626,2.5933,74.5241
2025-05-10 13:30:04,E-Track3,Peugeot 406,1,7.56738,1.25437,-0.590413,1.59194,942.478,1,0.5,0.8,0.0,5,recovery,2.45883,2.5859,75.2967
2025-05-10 13:30:04,E-Track3,Peugeot 406,1,7.57129,1.254,-0.585062,1.02753,942.478,1,0.5,0.8,0.0,5,recovery,2.49092,2.62,77.166
2025-05-10 13:30:04,E-Track3,Peugeot 406,1,7.57422,1.25369,-0.58611,1.32495,942.478,1,0.5,0.8,0.0,5,recovery,2.48461,2.61365,77.7222
2025-05-10 13:30:04,E-Track3,Peugeot 406,1,7.57812,1.25311,-0.587392,1.69175,942.478,1,0.5,0.8,0.0,5,recovery,2.47687,2.60606,78.9104
2025-05-10 13:30:04,E-Track3,Peugeot 406,1,7.58154,1.25253,-0.588887,1.91504,942.478,1,0.5,0.8,0.0,5,recovery,2.46785,2.5971,80.0893
2025-05-10 13:30:04,E-Track3,Peugeot 406,1,7.58594,1.25189,-0.590637,2.07208,942.478,1,0.5,0.5,0.0,5,recovery,2.4573,2.5866,81.4576
2025-05-10 13:30:04,E-Track3,Peugeot 406,1,7.59131,1.25161,-0.58551,1.55762,942.478,-1,0.5,-0.7,0.0,5,recovery,2.48805,2.61923,83.233
2025-05-10 13:30:04,E-Track3,Peugeot 406,1,7.59521,1.25129,-0.586873,1.79051,942.478,-1,0.5,-0.7,0.0,5,recovery,2.47985,2.6109,83.8773
2025-05-10 13:30:04,E-Track3,Peugeot 406,1,7.59961,1.25054,-0.58846,1.92889,942.478,-1,0.5,-0.7,0.0,5,recovery,2.47027,2.60152,85.723
2025-05-10 13:30:04,E-Track3,Peugeot 406,1,7.604,1.24982,-0.590159,1.96159,942.478,-1,0.5,-0.7,0.0,5,recovery,2.46002,2.5914,87.5686
2025-05-10 13:30:04,E-Track3,Peugeot 406,1,7.6084,1.24925,-0.585052,1.21384,942.478,-1,0.5,-0.7,0.0,5,recovery,2.49063,2.62418,90.4782
2025-05-10 13:30:04,E-Track3,Peugeot 406,1,7.6123,1.24939,-0.586008,1.15007,942.478,-1,0.5,-0.7,0.0,5,recovery,2.4849,2.61801,89.8155
2025-05-10 13:30:04,E-Track3,Peugeot 406,1,7.61523,1.24919,-0.586985,1.23184,942.478,-1,0.5,-0.7,0.0,5,recovery,2.47903,2.61201,90.2443
2025-05-10 13:30:04,E-Track3,Peugeot 406,1,7.61816,1.24888,-0.587941,1.13169,942.478,-1,0.5,-0.7,0.0,5,recovery,2.47327,2.60624,91.079
2025-05-10 13:30:04,E-Track3,Peugeot 406,1,7.62109,1.24849,-0.588918,1.20809,942.478,-1,0.5,-0.7,0.0,5,recovery,2.46738,2.6004,92.1906
2025-05-10 13:30:04,E-Track3,Peugeot 406,1,7.62354,1.24809,-0.589874,1.10509,942.478,-1,0.5,-0.7,0.0,5,recovery,2.46161,2.59469,93.3462
2025-05-10 13:30:04,E-Track3,Peugeot 406,1,7.62598,1.24767,-0.59085,1.18269,942.478,-1,0.5,-0.7,0.0,5,recovery,2.45572,2.58888,94.6401
2025-05-10 13:30:04,E-Track3,Peugeot 406,1,7.62842,1.24764,-0.584838,0.615227,942.478,-1,0.5,-0.7,0.0,5,recovery,2.49181,2.62694,96.1334
2025-05-10 13:30:04,E-Track3,Peugeot 406,1,7.63037,1.24759,-0.585408,0.699473,942.478,-1,0.5,-0.7,0.0,5,recovery,2.48838,2.62339,96.2247
2025-05-10 13:30:04,E-Track3,Peugeot 406,1,7.63184,1.24744,-0.585957,0.600672,942.478,-1,0.5,-0.7,0.0,5,recovery,2.48508,2.62004,96.6354
2025-05-10 13:30:04,E-Track3,Peugeot 406,1,7.6333,1.24723,-0.586527,0.677242,942.478,-1,0.5,-0.7,0.0,5,recovery,2.48164,2.61662,97.307
2025-05-10 13:30:04,E-Track3,Peugeot 406,1,7.63477,1.24703,-0.587076,0.575106,942.478,-1,0.5,-0.7,0.0,5,recovery,2.47833,2.61332,97.9577
2025-05-10 13:30:04,E-Track3,Peugeot 406,1,7.63623,1.2468,-0.587605,0.650766,942.478,-1,0.5,-0.7,0.0,5,recovery,2.47515,2.61018,98.7218
2025-05-10 13:30:04,E-Track3,Peugeot 406,1,7.63721,1.24659,-0.588114,0.5487,942.478,-1,0.5,-0.7,0.0,5,recovery,2.47208,2.60713,99.4015
2025-05-10 13:30:04,E-Track3,Peugeot 406,1,7.63867,1.24637,-0.588623,0.624112,942.478,-1,0.5,-0.7,0.0,5,recovery,2.46901,2.60411,100.178
2025-05-10 13:30:04,E-Track3,Peugeot 406,1,7.63965,1.24618,-0.58907,0.522122,942.478,1,0.5,0.8,0.0,5,recovery,2.46632,2.60145,100.869
2025-05-10 13:30:04,E-Track3,Peugeot 406,1,7.64111,1.24596,-0.589538,0.598055,942.478,1,0.5,0.8,0.0,5,recovery,2.46349,2.59867,101.634
2025-05-10 13:30:04,E-Track3,Peugeot 406,1,7.64209,1.24578,-0.589986,0.496476,942.478,1,0.5,0.8,0.0,5,recovery,2.4608,2.596,102.296
2025-05-10 13:30:04,E-Track3,Peugeot 406,1,7.64355,1.24558,-0.590454,0.575531,956.343,1,0.5,0.8,0.0,5,recovery,2.45798,2.59321,103.054
2025-05-10 13:30:04,E-Track3,Peugeot 406,1,7.64453,1.2454,-0.590901,0.47345,971.761,1,0.5,0.8,0.0,5,recovery,2.45528,2.59053,103.696
2025-05-10 13:30:04,E-Track3,Peugeot 406,1,7.64551,1.2454,-0.584543,0.345496,987.193,1,0.5,0.8,0.0,5,recovery,2.49344,2.6308,105.337
2025-05-10 13:30:04,E-Track3,Peugeot 406,1,7.64648,1.24538,-0.584787,0.249504,1002.64,1,0.5,0.8,0.0,5,recovery,2.49197,2.62926,105.343
2025-05-10 13:30:04,E-Track3,Peugeot 406,1,7.64697,1.24531,-0.585052,0.329593,1018.09,1,0.5,0.8,0.0,5,recovery,2.49038,2.62765,105.582
2025-05-10 13:30:04,E-Track3,Peugeot 406,1,7.64746,1.24526,-0.585296,0.230347,1033.55,1,0.5,0.8,0.0,5,recovery,2.48891,2.62615,105.755
2025-05-10 13:30:04,E-Track3,Peugeot 406,1,7.64844,1.24518,-0.585561,0.306693,1049.03,1,0.5,0.8,0.0,5,recovery,2.48732,2.62454,106.032
2025-05-10 13:30:04,E-Track3,Peugeot 406,1,7.64893,1.24514,-0.585795,0.204033,942.478,1,0.5,0.8,0.0,5,recovery,2.48591,2.6231,106.166
2025-05-10 13:30:04,E-Track3,Peugeot 406,1,7.6499,1.24508,-0.586171,0.599621,942.478,1,0.5,0.8,0.0,5,recovery,2.48365,2.62077,106.368
2025-05-10 13:30:04,E-Track3,Peugeot 406,1,7.65137,1.24494,-0.58672,0.715811,942.478,1,0.5,0.8,0.0,5,recovery,2.48035,2.61742,106.864
2025-05-10 13:30:04,E-Track3,Peugeot 406,1,7.65332,1.24462,-0.587473,1.00788,942.478,1,0.5,0.8,0.0,5,recovery,2.47581,2.61293,108.14
2025-05-10 13:30:04,E-Track3,Peugeot 406,1,7.65576,1.24424,-0.58847,1.29465,942.478,1,0.5,0.8,0.0,5,recovery,2.46981,2.60695,109.716
2025-05-10 13:30:04,E-Track3,Peugeot 406,1,7.65918,1.2438,-0.58966,1.68862,942.478,1,0.5,0.8,0.0,5,recovery,2.46264,2.5998,111.549
2025-05-10 13:30:04,E-Track3,Peugeot 406,1,7.66309,1.24328,-0.591135,1.83166,942.478,1,0.5,0.8,0.0,5,recovery,2.45376,2.59091,113.848
2025-05-10 13:30:04,E-Track3,Peugeot 406,1,7.66699,1.24331,-0.58552,1.44137,942.478,1,0.5,0.8,0.0,5,recovery,2.48746,2.62647,115.269
2025-05-10 13:30:04,E-Track3,Peugeot 406,1,7.67041,1.24268,-0.586751,1.61087,942.478,1,0.5,0.8,0.0,5,recovery,2.48004,2.61923,118.353
2025-05-10 13:30:04,E-Track3,Peugeot 406,1,7.67432,1.24209,-0.588287,1.89869,942.478,1,0.5,0.8,0.0,5,recovery,2.47079,2.61001,121.325
2025-05-10 13:30:04,E-Track3,Peugeot 406,1,7.6792,1.24143,-0.589965,2.08627,942.478,1,0.5,0.5,0.0,5,recovery,2.46069,2.59996,124.872
2025-05-10 13:30:04,E-Track3,Peugeot 406,1,7.68408,1.24092,-0.585001,1.49558,942.478,-1,0.5,-0.7,0.0,5,recovery,2.49045,2.6319,129.8
2025-05-10 13:30:04,E-Track3,Peugeot 406,1,7.68848,1.24057,-0.586415,1.74746,942.478,-1,0.5,-0.7,0.0,5,recovery,2.48195,2.62324,131.716
2025-05-10 13:30:04,E-Track3,Peugeot 406,1,7.69287,1.23989,-0.588002,2.00747,942.478,-1,0.5,-0.7,0.0,5,recovery,2.4724,2.61379,136.101
2025-05-10 13:30:04,E-Track3,Peugeot 406,1,7.69727,1.2392,-0.58968,1.95487,942.478,-1,0.5,-0.7,0.0,5,recovery,2.46229,2.60376,140.955
2025-05-10 13:30:05,E-Track3,Peugeot 406,1,7.70166,1.23859,-0.584584,1.23759,942.478,-1,0.5,-0.7,0.0,5,recovery,2.49285,2.63665,147.822
2025-05-10 13:30:05,E-Track3,Peugeot 406,1,7.70557,1.23882,-0.585561,1.20725,942.478,-1,0.5,-0.7,0.0,5,recovery,2.487,2.63024,145.484
2025-05-10 13:30:05,E-Track3,Peugeot 406,1,7.7085,1.23858,-0.586568,1.1941,942.478,-1,0.5,-0.7,0.0,5,recovery,2.48095,2.62408,147.267
2025-05-10 13:30:05,E-Track3,Peugeot 406,1,7.71143,1.23821,-0.587595,1.22186,942.478,-1,0.5,-0.7,0.0,5,recovery,2.47477,2.61788,150.13
2025-05-10 13:30:05,E-Track3,Peugeot 406,1,7.71436,1.23785,-0.588592,1.21721,942.478,-1,0.5,-0.7,0.0,5,recovery,2.46877,2.61188,153.097
2025-05-10 13:30:05,E-Track3,Peugeot 406,1,7.71729,1.23745,-0.589589,1.1103,942.478,-1,0.5,-0.7,0.0,5,recovery,2.46277,2.60591,156.626
2025-05-10 13:30:05,E-Track3,Peugeot 406,1,7.71973,1.23697,-0.590596,1.22784,942.478,-1,0.5,-0.7,0.0,5,recovery,2.45671,2.59995,161.178
2025-05-10 13:30:05,E-Track3,Peugeot 406,1,7.72217,1.23698,-0.584594,0.69898,942.478,-1,0.5,-0.7,0.0,5,recovery,2.49272,2.63806,163.439
2025-05-10 13:30:05,E-Track3,Peugeot 406,1,7.72412,1.23681,-0.585194,0.688374,942.478,-1,0.5,-0.7,0.0,5,recovery,2.48912,2.6344,165.05
2025-05-10 13:30:05,E-Track3,Peugeot 406,1,7.72607,1.23659,-0.585784,0.717681,942.478,-1,0.5,-0.7,0.0,5,recovery,2.48557,2.63086,167.248
2025-05-10 13:30:05,E-Track3,Peugeot 406,1,7.72754,1.2364,-0.586374,0.71114,942.478,-1,0.5,-0.7,0.0,5,recovery,2.48202,2.62729,169.225
2025-05-10 13:30:05,E-Track3,Peugeot 406,1,7.729,1.23617,-0.586934,0.607576,942.478,-1,0.5,-0.7,0.0,5,recovery,2.47865,2.62394,171.686
2025-05-10 13:30:05,E-Track3,Peugeot 406,1,7.73096,1.23586,-0.587504,0.724532,942.478,-1,0.5,-0.7,0.0,5,recovery,2.47523,2.6206,175.117
2025-05-10 13:30:05,E-Track3,Peugeot 406,1,7.73242,1.23572,-0.588053,0.625633,942.478,-1,0.5,-0.7,0.0,5,recovery,2.47192,2.61724,176.635
2025-05-10 13:30:05,E-Track3,Peugeot 406,1,7.73389,1.23544,-0.588582,0.609747,942.478,-1,0.5,-0.7,0.0,5,recovery,2.46874,2.61413,180.053
2025-05-10 13:30:05,E-Track3,Peugeot 406,1,7.73486,1.2352,-0.589111,0.637761,942.478,1,0.5,0.8,0.0,5,recovery,2.46556,2.61099,183.081
2025-05-10 13:30:05,E-Track3,Peugeot 406,1,7.73633,1.23501,-0.58964,0.628843,942.478,1,0.5,0.8,0.0,5,recovery,2.46238,2.6078,185.406
2025-05-10 13:30:05,E-Track3,Peugeot 406,1,7.73779,1.2348,-0.590128,0.52496,942.478,1,0.5,0.8,0.0,5,recovery,2.45944,2.60489,188.185
2025-05-10 13:30:05,E-Track3,Peugeot 406,1,7.73877,1.23452,-0.590627,0.642085,956.343,1,0.5,0.8,0.0,5,recovery,2.45644,2.60198,192.019
2025-05-10 13:30:05,E-Track3,Peugeot 406,1,7.74023,1.23455,-0.584269,0.340036,971.761,1,0.5,0.8,0.0,5,recovery,2.49459,2.64236,194.626
2025-05-10 13:30:05,E-Track3,Peugeot 406,1,7.74121,1.23439,-0.584564,0.331292,987.193,1,0.5,0.8,0.0,5,recovery,2.49282,2.64063,196.905
2025-05-10 13:30:05,E-Track3,Peugeot 406,1,7.7417,1.23426,-0.584849,0.36293,1002.64,1,0.5,0.8,0.0,5,recovery,2.4911,2.63895,198.867
2025-05-10 13:30:05,E-Track3,Peugeot 406,1,7.74268,1.23417,-0.585133,0.351906,1018.09,1,0.5,0.8,0.0,5,recovery,2.48939,2.63721,200.0
2025-05-10 13:30:05,E-Track3,Peugeot 406,1,7.74316,1.23406,-0.585398,0.250784,1033.55,1,0.5,0.8,0.0,5,recovery,2.4878,2.63564,200.0
2025-05-10 13:30:05,E-Track3,Peugeot 406,1,7.74414,1.23388,-0.585662,0.369328,1049.03,1,0.5,0.8,0.0,5,recovery,2.48621,2.63412,200.0
2025-05-10 13:30:05,E-Track3,Peugeot 406,1,7.74463,1.23386,-0.585906,0.268701,942.478,1,0.5,0.8,0.0,5,recovery,2.48474,2.63259,200.0
2025-05-10 13:30:05,E-Track3,Peugeot 406,1,7.74561,1.23369,-0.586324,0.548118,942.478,1,0.5,0.8,0.0,5,recovery,2.48224,2.63009,200.0
2025-05-10 13:30:05,E-Track3,Peugeot 406,1,7.74707,1.23336,-0.586964,0.851037,942.478,1,0.5,0.8,0.0,5,recovery,2.47838,2.62632,200.0
2025-05-10 13:30:05,E-Track3,Peugeot 406,1,7.74902,1.23314,-0.587809,1.04603,942.478,1,0.5,0.8,0.0,5,recovery,2.47331,2.62116,200.0
2025-05-10 13:30:05,E-Track3,Peugeot 406,1,7.75195,1.23274,-0.588907,1.36012,942.478,1,0.5,0.8,0.0,5,recovery,2.46671,2.61454,200.0
2025-05-10 13:30:05,E-Track3,Peugeot 406,1,7.75537,1.23221,-0.590179,1.71158,942.478,1,0.5,0.8,0.0,5,recovery,2.45906,2.60694,200.0
2025-05-10 13:30:05,E-Track3,Peugeot 406,1,7.75928,1.23185,-0.584696,1.21142,942.478,1,0.5,0.8,0.0,5,recovery,2.49195,2.64214,200.0
2025-05-10 13:30:05,E-Track3,Peugeot 406,1,7.7627,1.23148,-0.585784,1.54463,942.478,1,0.5,0.8,0.0,5,recovery,2.48541,2.63557,200.0
2025-05-10 13:30:05,E-Track3,Peugeot 406,1,7.7666,1.23088,-0.587107,1.64823,942.478,1,0.5,0.8,0.0,5,recovery,2.47746,2.62771,200.0
2025-05-10 13:30:05,E-Track3,Peugeot 406,1,7.77051,1.23027,-0.588714,1.99158,942.478,1,0.5,0.8,0.0,5,recovery,2.46781,2.61804,200.0
2025-05-10 13:30:05,E-Track3,Peugeot 406,1,7.77539,1.22954,-0.590515,2.20901,942.478,1,0.5,0.5,0.0,5,recovery,2.45699,2.60726,200.0
2025-05-10 13:30:05,E-Track3,Peugeot 406,1,7.78076,1.22928,-0.585235,1.59403,942.478,-1,0.5,-0.7,0.0,5,recovery,2.48866,2.64112,200.0
2025-05-10 13:30:05,E-Track3,Peugeot 406,1,7.78467,1.2286,-0.5867,1.86204,942.478,-1,0.5,-0.7,0.0,5,recovery,2.47986,2.63242,200.0
2025-05-10 13:30:05,E-Track3,Peugeot 406,1,7.78955,1.22795,-0.588378,2.04875,942.478,-1,0.5,-0.7,0.0,5,recovery,2.46978,2.62235,200.0
2025-05-10 13:30:05,E-Track3,Peugeot 406,1,7.79443,1.22714,-0.590108,2.07828,942.478,-1,0.5,-0.7,0.0,5,recovery,2.45939,2.61208,200.0
2025-05-10 13:30:05,E-Track3,Peugeot 406,1,7.79883,1.22689,-0.584747,1.2915,942.478,-1,0.5,-0.7,0.0,5,recovery,2.49155,2.64649,200.0
2025-05-10 13:30:05,E-Track3,Peugeot 406,1,7.80273,1.22676,-0.585764,1.28661,942.478,-1,0.5,-0.7,0.0,5,recovery,2.48545,2.64013,200.0
2025-05-10 13:30:05,E-Track3,Peugeot 406,1,7.80615,1.22648,-0.586791,1.28145,942.478,-1,0.5,-0.7,0.0,5,recovery,2.47928,2.63384,200.0
2025-05-10 13:30:05,E-Track3,Peugeot 406,1,7.80908,1.22603,-0.587809,1.26764,942.478,-1,0.5,-0.7,0.0,5,recovery,2.47317,2.62778,200.0
2025-05-10 13:30:05,E-Track3,Peugeot 406,1,7.81201,1.22563,-0.588826,1.25552,942.478,-1,0.5,-0.7,0.0,5,recovery,2.46706,2.62167,200.0
2025-05-10 13:30:05,E-Track3,Peugeot 406,1,7.81543,1.22513,-0.589843,1.2405,942.478,-1,0.5,-0.7,0.0,5,recovery,2.46095,2.61566,200.0
2025-05-10 13:30:05,E-Track3,Peugeot 406,1,7.81836,1.22485,-0.584065,0.739682,942.478,-1,0.5,-0.7,0.0,5,recovery,2.49562,2.65278,200.0
2025-05-10 13:30:05,E-Track3,Peugeot 406,1,7.8208,1.22475,-0.584676,0.745616,942.478,-1,0.5,-0.7,0.0,5,recovery,2.49196,2.64897,200.0
2025-05-10 13:30:05,E-Track3,Peugeot 406,1,7.82275,1.22462,-0.585286,0.737249,942.478,-1,0.5,-0.7,0.0,5,recovery,2.48829,2.64521,200.0
2025-05-10 13:30:05,E-Track3,Peugeot 406,1,7.82422,1.22434,-0.585896,0.72416,942.478,-1,0.5,-0.7,0.0,5,recovery,2.48463,2.64158,200.0
2025-05-10 13:30:05,E-Track3,Peugeot 406,1,7.82617,1.22413,-0.586507,0.712502,942.478,-1,0.5,-0.7,0.0,5,recovery,2.48097,2.63788,200.0
2025-05-10 13:30:05,E-Track3,Peugeot 406,1,7.82812,1.22383,-0.587117,0.698552,942.478,-1,0.5,-0.7,0.0,5,recovery,2.4773,2.63428,200.0
2025-05-10 13:30:06,E-Track3,Peugeot 406,1,7.83008,1.22362,-0.587727,0.68573,942.478,-1,0.5,-0.7,0.0,5,recovery,2.47364,2.63058,200.0
2025-05-10 13:30:06,E-Track3,Peugeot 406,1,7.83154,1.22332,-0.588338,0.67238,942.478,-1,0.5,-0.7,0.0,5,recovery,2.46998,2.62697,200.0
2025-05-10 13:30:06,E-Track3,Peugeot 406,1,7.8335,1.22312,-0.588907,0.659347,942.478,-1,0.5,-0.7,0.0,5,recovery,2.46656,2.62353,200.0
2025-05-10 13:30:06,E-Track3,Peugeot 406,1,7.83545,1.22283,-0.589416,0.64504,942.478,1,0.5,0.8,0.0,5,recovery,2.46351,2.62056,200.0
2025-05-10 13:30:06,E-Track3,Peugeot 406,1,7.83643,1.22264,-0.589925,0.630841,942.478,1,0.5,0.8,0.0,5,recovery,2.46045,2.61749,200.0
2025-05-10 13:30:06,E-Track3,Peugeot 406,1,7.83789,1.22237,-0.587086,0.474302,942.478,1,0.5,0.8,0.0,5,recovery,2.47748,2.63587,200.0
2025-05-10 13:30:06,E-Track3,Peugeot 406,1,7.83887,1.22224,-0.584055,0.382696,956.343,1,0.5,0.8,0.0,5,recovery,2.49567,2.65534,200.0
2025-05-10 13:30:06,E-Track3,Peugeot 406,1,7.84033,1.22207,-0.58436,0.369698,971.761,1,0.5,0.8,0.0,5,recovery,2.49384,2.65356,200.0
2025-05-10 13:30:06,E-Track3,Peugeot 406,1,7.84082,1.22199,-0.584665,0.358339,987.193,1,0.5,0.8,0.0,5,recovery,2.49201,2.65169,200.0
2025-05-10 13:30:06,E-Track3,Peugeot 406,1,7.8418,1.22181,-0.584971,0.344619,1002.64,1,0.5,0.8,0.0,5,recovery,2.49018,2.64991,200.0
2025-05-10 13:30:06,E-Track3,Peugeot 406,1,7.84229,1.22173,-0.585276,0.33166,1018.09,1,0.5,0.8,0.0,5,recovery,2.48835,2.64804,200.0
2025-05-10 13:30:06,E-Track3,Peugeot 406,1,7.84277,1.22155,-0.585581,0.31797,1033.55,1,0.5,0.8,0.0,5,recovery,2.48651,2.64627,200.0
2025-05-10 13:30:06,E-Track3,Peugeot 406,1,7.84326,1.22147,-0.585886,0.305376,1049.03,1,0.5,0.8,0.0,5,recovery,2.48468,2.64439,200.0
2025-05-10 13:30:06,E-Track3,Peugeot 406,1,7.84424,1.2213,-0.5861,0.289848,942.478,1,0.5,0.8,0.0,5,recovery,2.4834,2.64319,200.0
2025-05-10 13:30:06,E-Track3,Peugeot 406,1,7.84473,1.22125,-0.586446,0.536653,942.478,1,0.5,0.8,0.0,5,recovery,2.48133,2.64103,200.0
2025-05-10 13:30:06,E-Track3,Peugeot 406,1,7.84668,1.22112,-0.587036,0.758328,942.478,1,0.5,0.8,0.0,5,recovery,2.47779,2.63739,200.0
2025-05-10 13:30:06,E-Track3,Peugeot 406,1,7.84912,1.22086,-0.58786,1.09756,942.478,1,0.5,0.8,0.0,5,recovery,2.47284,2.63238,200.0
2025-05-10 13:30:06,E-Track3,Peugeot 406,1,7.85205,1.22054,-0.588907,1.39734,942.478,1,0.5,0.8,0.0,5,recovery,2.46656,2.626,200.0
2025-05-10 13:30:06,E-Track3,Peugeot 406,1,7.85547,1.22009,-0.590169,1.67095,942.478,1,0.5,0.8,0.0,5,recovery,2.45899,2.61837,200.0
2025-05-10 13:30:06,E-Track3,Peugeot 406,1,7.85889,1.21977,-0.584564,1.29833,942.478,1,0.5,0.8,0.0,5,recovery,2.49262,2.65448,200.0
2025-05-10 13:30:06,E-Track3,Peugeot 406,1,7.8623,1.21919,-0.585723,1.56208,942.478,1,0.5,0.8,0.0,5,recovery,2.48567,2.64764,200.0
2025-05-10 13:30:06,E-Track3,Peugeot 406,1,7.86621,1.21862,-0.587127,1.73555,942.478,1,0.5,0.8,0.0,5,recovery,2.47725,2.63922,200.0
2025-05-10 13:30:06,E-Track3,Peugeot 406,1,7.87061,1.21795,-0.588734,2.04847,942.478,1,0.5,0.8,0.0,5,recovery,2.46761,2.6296,200.0
